UF,Cidade,País,Instituição,Formação,Área,Sub Área,Data Inscrição,Categoria,Inscrição,Credenciado,Data Credenciamento,Hora Credenciamento,Material,Inscrito
Não respondeu,Não respondeu,Brasil,Não Respondeu,Não respondeu,Não respondeu,Não respondeu,31/03/2024 13:57:00,2º Lote [Inteira],Aprovado,sim,10/08/2024,07:26,sim,sim
RN,Natal,Brasil,Não Respondeu,Não respondeu,Não respondeu,Não respondeu,29/01/2024 13:52:00,2º Lote [Social],Aprovado,não,Não credenciado,Não credenciado,não,sim
Não respondeu,Não respondeu,Brasil,Activesoft,Não respondeu,Não respondeu,Não respondeu,01/04/2024 19:54:00,2º Lote [Estudante],Aprovado,sim,10/08/2024,11:42,sim,sim
Não respondeu,Não respondeu,Brasil,Não Respondeu,Não respondeu,Não respondeu,Não respondeu,Não respondeu,Não respondeu,Pendente,não,Não credenciado,Não credenciado,não,não
Não respondeu,Não respondeu,Brasil,Não Respondeu,Não respondeu,Não respondeu,Não respondeu,22/07/2024 15:19:00,Promocional,Aprovado,sim,10/08/2024,11:42,sim,sim
CE,Juazeiro do Norte,Brasil,Não Respondeu,Graduação,Não respondeu,Não respondeu,06/06/2024 13:29:00,3º Lote inteira,Aprovado,sim,10/08/2024,07:21,sim,sim
Não respondeu,Não respondeu,Brasil,Não Respondeu,Não respondeu,Não respondeu,Não respondeu,23/04/2024 12:51:00,3º Lote Social,Aprovado,sim,10/08/2024,07:21,sim,sim
Não respondeu,Não respondeu,Brasil,UNIVERSIDADE FEDERAL DE PERNAMBUCO,Mestrado,Não respondeu,Não respondeu,17/06/2024 04:37:00,ÚLTIMO LOTE [SOCIAL],Aprovado,sim,11/08/2024,07:09,sim,sim
RN,Pau dos Ferros,Brasil,Não Respondeu,Não respondeu,Não respondeu,Não respondeu,16/03/2024 11:18:00,2º Lote [Estudante],Aprovado,sim,10/08/2024,07:21,sim,sim
Não respondeu,Não respondeu,Brasil,Não Respondeu,Não respondeu,Não respondeu,Não respondeu,15/03/2024 12:14:00,Promocional,Aprovado,sim,10/08/2024,07:21,sim,sim
RN,Natal,Brasil,UNIVERSIDADE FEDERAL DO RIO GRANDE DO NORTE,Não respondeu,Não respondeu,Não respondeu,03/06/2024 01:59:00,3º Lote [Estudante],Aprovado,sim,10/08/2024,07:45,sim,sim
Não respondeu,Não respondeu,Brasil,Não Respondeu,Não respondeu,Não respondeu,Não respondeu,26/03/2024 18:14:00,2º Lote [Estudante],Aprovado,não,Não credenciado,Não credenciado,não,sim
Não respondeu,Não respondeu,Brasil,Não Respondeu,Não respondeu,Não respondeu,Não respondeu,15/03/2024 22:27:00,2º Lote [Social],Aprovado,sim,09/08/2024,12:02,sim,sim
Não respondeu,Não respondeu,Brasil,Não Respondeu,Não respondeu,Não respondeu,Não respondeu,08/07/2024 02:42:00,ÚLTIMO LOTE [ESTUDANTE],Aprovado,sim,09/08/2024,12:02,sim,sim
Não respondeu,Não respondeu,Brasil,Não Respondeu,Não respondeu,Não respondeu,Não respondeu,09/05/2024 22:42:00,3º Lote inteira,Aprovado,sim,09/08/2024,12:02,sim,sim
Não respondeu,Não respondeu,Brasil,Não Respondeu,Não respondeu,Não respondeu,Não respondeu,Não respondeu,Não respondeu,Pendente,não,Não credenciado,Não credenciado,não,não
Não respondeu,Não respondeu,Brasil,Não Respondeu,Não respondeu,Não respondeu,Não respondeu,20/05/2024 16:02:00,3º Lote [Estudante],Aprovado,não,Não credenciado,Não credenciado,não,sim
RN,Mossoró,Brasil,UNIVERSIDADE DO ESTADO DO RIO GRANDE DO NORTE,Não respondeu,Não respondeu,Não respondeu,10/07/2024 16:47:00,ÚLTIMO LOTE [ESTUDANTE],Aprovado,sim,10/08/2024,05:48,sim,sim
RN,Parnamirim,Brasil,Não Respondeu,Não respondeu,Não respondeu,Não respondeu,07/07/2024 23:59:00,ÚLTIMO LOTE [ESTUDANTE],Aprovado,sim,09/08/2024,12:02,sim,sim
Não respondeu,Não respondeu,Brasil,BioME - UFRN,Não respondeu,Não respondeu,Não respondeu,26/03/2024 18:37:00,2º Lote [Estudante],Aprovado,sim,10/08/2024,13:35,sim,sim
MG,Belo Horizonte,Brasil,Não Respondeu,Não respondeu,Não respondeu,Não respondeu,12/07/2024 16:36:00,Promocional,Aprovado,sim,11/08/2024,12:34,sim,sim
Não respondeu,Não respondeu,Brasil,Não Respondeu,Não respondeu,Não respondeu,Não respondeu,05/07/2024 23:23:00,ÚLTIMO LOTE [ESTUDANTE],Aprovado,sim,10/08/2024,07:21,sim,sim
Não respondeu,Não respondeu,Brasil,UNIVERSIDADE FEDERAL DO PIAUÍ,Graduação,Não respondeu,Não respondeu,Não respondeu,Não respondeu,Pendente,não,Não credenciado,Não credenciado,não,não
Não respondeu,Não respondeu,Brasil,Não Respondeu,Não respondeu,Não respondeu,Não respondeu,21/05/2024 04:18:00,3º Lote Social,Aprovado,sim,10/08/2024,07:21,sim,sim
Não respondeu,Não respondeu,Brasil,Não Respondeu,Não respondeu,Não respondeu,Não respondeu,25/07/2024 13:25:00,ÚLTIMO LOTE [ESTUDANTE],Aprovado,sim,18/08/2024,16:12,sim,sim
DF,Brasília,Brasil,Não Respondeu,Não respondeu,Não respondeu,Não respondeu,05/03/2024 01:31:00,3º Lote inteira,Aprovado,sim,10/08/2024,07:21,sim,sim
Não respondeu,Não respondeu,Brasil,Não Respondeu,Não respondeu,Não respondeu,Não respondeu,08/04/2024 14:20:00,3º Lote Social,Aprovado,sim,10/08/2024,07:21,sim,sim
Não respondeu,Não respondeu,Brasil,CESAR SCHOOL,Graduação,Ciências Exatas e da Terra,Ciência da Computação,17/06/2024 01:14:00,ÚLTIMO LOTE [ESTUDANTE],Aprovado,sim,20/08/2024,15:50,sim,sim
RN,Natal,Brasil,UNIVERSIDADE POTIGUAR,Não respondeu,Não respondeu,Não respondeu,Não respondeu,Não respondeu,Pendente,não,Não credenciado,Não credenciado,não,não
Não respondeu,Não respondeu,Brasil,Não Respondeu,Não respondeu,Não respondeu,Não respondeu,Não respondeu,Não respondeu,Pendente,não,Não credenciado,Não credenciado,não,não
Não respondeu,Não respondeu,Brasil,Não Respondeu,Não respondeu,Não respondeu,Não respondeu,Não respondeu,Não respondeu,Pendente,não,Não credenciado,Não credenciado,não,não
Não respondeu,Não respondeu,Brasil,Não Respondeu,Não respondeu,Não respondeu,Não respondeu,15/03/2024 13:28:00,Promocional,Aprovado,não,Não credenciado,Não credenciado,não,sim
PI,Teresina,Brasil,Não Respondeu,Não respondeu,Não respondeu,Não respondeu,12/06/2024 21:29:00,3º Lote Social,Aprovado,não,Não credenciado,Não credenciado,não,sim
Não respondeu,Não respondeu,Brasil,Não Respondeu,Não respondeu,Não respondeu,Não respondeu,28/03/2024 21:17:00,2º Lote [Inteira],Aprovado,sim,09/08/2024,12:02,sim,sim
CE,Fortaleza,Brasil,UNIVERSIDADE FEDERAL DO CEARÁ,Graduação,Não respondeu,Não respondeu,05/03/2024 01:35:00,Promocional,Aprovado,sim,10/08/2024,07:21,sim,sim
Não respondeu,Não respondeu,Brasil,Não Respondeu,Não respondeu,Não respondeu,Não respondeu,11/08/2024 14:42:00,Promocional,Aprovado,sim,11/08/2024,11:46,sim,sim
Não respondeu,Não respondeu,Brasil,Não Respondeu,Não respondeu,Não respondeu,Não respondeu,Não respondeu,Não respondeu,Pendente,não,Não credenciado,Não credenciado,não,não
CE,Fortaleza,Brasil,Não Respondeu,Não respondeu,Não respondeu,Não respondeu,05/07/2024 03:24:00,ÚLTIMO LOTE [ESTUDANTE],Aprovado,sim,10/08/2024,05:48,sim,sim
Não respondeu,Não respondeu,Brasil,Não Respondeu,Não respondeu,Não respondeu,Não respondeu,01/06/2024 13:45:00,3º Lote [Estudante],Aprovado,sim,10/08/2024,08:14,sim,sim
Não respondeu,Não respondeu,Brasil,Não Respondeu,Não respondeu,Não respondeu,Não respondeu,Não respondeu,Não respondeu,Pendente,não,Não credenciado,Não credenciado,não,não
Não respondeu,Não respondeu,Brasil,Não Respondeu,Não respondeu,Não respondeu,Não respondeu,15/03/2024 18:33:00,2º Lote [Estudante],Aprovado,sim,09/08/2024,12:02,sim,sim
Não respondeu,Não respondeu,Brasil,Não Respondeu,Não respondeu,Não respondeu,Não respondeu,30/05/2024 17:25:00,3º Lote Social,Aprovado,sim,09/08/2024,12:02,sim,sim
AM,Manaus,Brasil,Não Respondeu,Não respondeu,Não respondeu,Não respondeu,22/03/2024 13:53:00,2º Lote [Estudante],Aprovado,sim,10/08/2024,07:21,sim,sim
Não respondeu,Não respondeu,Brasil,Não Respondeu,Não respondeu,Não respondeu,Não respondeu,14/06/2024 16:36:00,ÚLTIMO LOTE [SOCIAL],Aprovado,sim,10/08/2024,07:21,sim,sim
RN,Ceará-Mirim,Brasil,"INSTITUTO FEDERAL DE EDUCAÇÃO, CIÊNCIA E TECNOLOGIA DO RIO GRANDE DO NORTE",Técnico,Ciências Exatas e da Terra,Ciência da Computação,06/07/2024 11:28:00,ÚLTIMO LOTE [SOCIAL],Aprovado,sim,10/08/2024,07:21,sim,sim
Não respondeu,Não respondeu,Brasil,Não Respondeu,Não respondeu,Não respondeu,Não respondeu,10/06/2024 23:43:00,3º Lote Social,Aprovado,não,Não credenciado,Não credenciado,não,sim
Não respondeu,Não respondeu,Brasil,Não Respondeu,Não respondeu,Não respondeu,Não respondeu,13/06/2024 16:58:00,3º Lote Social,Aprovado,não,Não credenciado,Não credenciado,não,sim
PE,Recife,Brasil,Não Respondeu,Não respondeu,Não respondeu,Não respondeu,Não respondeu,Não respondeu,Pendente,não,Não credenciado,Não credenciado,não,não
Não respondeu,Não respondeu,Brasil,Não Respondeu,Não respondeu,Não respondeu,Não respondeu,10/06/2024 19:19:00,3º Lote [Estudante],Aprovado,sim,10/08/2024,07:21,sim,sim
RN,Baraúna,Brasil,ESCOLA ESTADUAL JOAO DE ABREU ENS FUNDAMENTAL E MEDIO,Não respondeu,Não respondeu,Não respondeu,Não respondeu,Não respondeu,Pendente,não,Não credenciado,Não credenciado,não,não
Não respondeu,Não respondeu,Brasil,Não Respondeu,Não respondeu,Não respondeu,Não respondeu,15/03/2024 23:24:00,2º Lote [Social],Aprovado,sim,10/08/2024,07:21,sim,sim
Não respondeu,Não respondeu,Brasil,Não Respondeu,Não respondeu,Não respondeu,Não respondeu,26/04/2024 22:43:00,3º Lote [Estudante],Aprovado,sim,10/08/2024,05:58,sim,sim
Não respondeu,Não respondeu,Brasil,Não Respondeu,Não respondeu,Não respondeu,Não respondeu,Não respondeu,Não respondeu,Pendente,não,Não credenciado,Não credenciado,não,não
Não respondeu,Não respondeu,Brasil,Faculdade Integral Diferencial,Ensino Médio (2° grau),Não respondeu,Não respondeu,15/03/2024 11:43:00,Promocional,Aprovado,sim,11/08/2024,07:09,sim,sim
Não respondeu,Não respondeu,Brasil,Não Respondeu,Não respondeu,Não respondeu,Não respondeu,Não respondeu,Não respondeu,Pendente,não,Não credenciado,Não credenciado,não,não
RN,Olho-d'Água do Borges,Brasil,Não Respondeu,Graduação,Ciências da Saúde,Nutrição,Não respondeu,Não respondeu,Pendente,não,Não credenciado,Não credenciado,não,não
PI,Teresina,Brasil,Não Respondeu,Não respondeu,Não respondeu,Não respondeu,15/03/2024 18:35:00,2º Lote [Estudante],Aprovado,não,Não credenciado,Não credenciado,não,sim
Não respondeu,Não respondeu,Brasil,Não Respondeu,Não respondeu,Não respondeu,Não respondeu,28/06/2024 18:30:00,ÚLTIMO LOTE [SOCIAL],Aprovado,sim,09/08/2024,12:02,sim,sim
Não respondeu,Não respondeu,Brasil,Não Respondeu,Não respondeu,Não respondeu,Não respondeu,27/03/2024 16:27:00,2º Lote [Inteira],Aprovado,sim,10/08/2024,07:14,sim,sim
PE,Recife,Brasil,UFPE,Não respondeu,Não respondeu,Não respondeu,05/03/2024 01:19:00,Promocional,Aprovado,sim,11/08/2024,05:47,sim,sim
PI,Parnaíba,Brasil,Não Respondeu,Não respondeu,Não respondeu,Não respondeu,15/03/2024 13:50:00,Promocional,Aprovado,sim,10/08/2024,07:21,sim,sim
RN,Natal,Brasil,UNIVERSIDADE FEDERAL DO RIO GRANDE DO NORTE,Graduação,Não respondeu,Não respondeu,15/03/2024 20:35:00,2º Lote [Social],Aprovado,sim,10/08/2024,11:42,sim,sim
PE,Recife,Brasil,Não Respondeu,Ensino Médio (2° grau),Não respondeu,Não respondeu,16/03/2024 00:38:00,2º Lote [Estudante],Aprovado,não,Não credenciado,Não credenciado,não,sim
RN,Natal,Brasil,Não Respondeu,Não respondeu,Não respondeu,Não respondeu,15/03/2024 20:10:00,2º Lote [Social],Aprovado,sim,10/08/2024,07:21,sim,sim
PE,Recife,Brasil,Não Respondeu,Não respondeu,Não respondeu,Não respondeu,30/05/2024 20:16:00,3º Lote Social,Aprovado,sim,10/08/2024,07:21,sim,sim
Não respondeu,Não respondeu,Brasil,Não Respondeu,Não respondeu,Não respondeu,Não respondeu,13/06/2024 21:21:00,3º Lote Social,Aprovado,sim,09/08/2024,12:02,sim,sim
PE,Recife,Brasil,Não Respondeu,Não respondeu,Não respondeu,Não respondeu,18/07/2024 23:55:00,Promocional,Aprovado,sim,10/08/2024,13:35,sim,sim
Não respondeu,Não respondeu,Brasil,Não Respondeu,Não respondeu,Não respondeu,Não respondeu,01/04/2024 12:54:00,2º Lote [Estudante],Aprovado,sim,10/08/2024,07:14,sim,sim
Não respondeu,Não respondeu,Brasil,Não Respondeu,Não respondeu,Não respondeu,Não respondeu,26/05/2024 23:53:00,3º Lote [Estudante],Aprovado,não,Não credenciado,Não credenciado,não,sim
Não respondeu,Não respondeu,Brasil,Não Respondeu,Não respondeu,Não respondeu,Não respondeu,18/06/2024 15:49:00,ÚLTIMO LOTE [SOCIAL],Aprovado,sim,10/08/2024,07:21,sim,sim
RN,Mossoró,Brasil,UERN,Não respondeu,Não respondeu,Não respondeu,25/06/2024 00:58:00,ÚLTIMO LOTE [ESTUDANTE],Aprovado,sim,09/08/2024,12:02,sim,sim
RN,Mossoró,Brasil,Não Respondeu,Não respondeu,Não respondeu,Não respondeu,28/06/2024 15:44:00,ÚLTIMO LOTE [ESTUDANTE],Aprovado,sim,09/08/2024,12:02,sim,sim
PB,Picuí,Brasil,UFCG - UNIVERSIDADE FEDERAL DE CAMPINA GRANDE- CAMPUS CUITÉ,Graduação,Ciências Biológicas,Zoologia,05/07/2024 14:44:00,ÚLTIMO LOTE [SOCIAL],Aprovado,sim,10/08/2024,07:45,sim,sim
Não respondeu,Não respondeu,Brasil,Não Respondeu,Não respondeu,Não respondeu,Não respondeu,10/07/2024 15:28:00,ÚLTIMO LOTE [ESTUDANTE],Aprovado,sim,09/08/2024,12:02,sim,sim
Não respondeu,Não respondeu,Brasil,Não Respondeu,Não respondeu,Não respondeu,Não respondeu,Não respondeu,Não respondeu,Pendente,não,Não credenciado,Não credenciado,não,não
Não respondeu,Não respondeu,Brasil,Não Respondeu,Não respondeu,Não respondeu,Não respondeu,01/06/2024 00:13:00,3º Lote [Estudante],Aprovado,não,Não credenciado,Não credenciado,não,sim
CE,Pacajus,Brasil,estudante,Não respondeu,Não respondeu,Não respondeu,02/02/2024 09:57:00,Promocional,Aprovado,sim,09/08/2024,12:02,sim,sim
RN,Natal,Brasil,UNIVERSIDADE FEDERAL DO RIO GRANDE DO NORTE,Não respondeu,Não respondeu,Não respondeu,21/03/2024 16:18:00,2º Lote [Estudante],Aprovado,sim,11/08/2024,12:44,sim,sim
RJ,Rio de Janeiro,Brasil,Não Respondeu,Especialista/Pós-graduado,Não respondeu,Não respondeu,10/07/2024 16:36:00,ÚLTIMO LOTE [ESTUDANTE],Aprovado,sim,10/08/2024,07:21,sim,sim
Não respondeu,Não respondeu,Brasil,UERN,Graduação,Não respondeu,Não respondeu,24/06/2024 20:30:00,ÚLTIMO LOTE [ESTUDANTE],Aprovado,sim,09/08/2024,12:02,sim,sim
Não respondeu,Não respondeu,Brasil,Não Respondeu,Não respondeu,Não respondeu,Não respondeu,Não respondeu,Não respondeu,Pendente,não,Não credenciado,Não credenciado,não,não
Não respondeu,Não respondeu,Brasil,Não Respondeu,Não respondeu,Não respondeu,Não respondeu,16/03/2024 19:52:00,2º Lote [Estudante],Aprovado,não,Não credenciado,Não credenciado,não,sim
RN,Natal,Brasil,UNIVERSIDADE FEDERAL DO RIO GRANDE DO NORTE,Graduação,Não respondeu,Não respondeu,15/03/2024 18:22:00,2º Lote [Estudante],Aprovado,sim,10/08/2024,07:21,sim,sim
Não respondeu,Não respondeu,Brasil,Não Respondeu,Não respondeu,Não respondeu,Não respondeu,Não respondeu,Não respondeu,Pendente,não,Não credenciado,Não credenciado,não,não
Não respondeu,Não respondeu,Brasil,"INSTITUTO FEDERAL DE EDUCAÇÃO, CIÊNCIA E TECNOLOGIA  DA PARAÍBA",Não respondeu,Não respondeu,Não respondeu,15/03/2024 13:35:00,Promocional,Aprovado,não,Não credenciado,Não credenciado,não,sim
RN,Natal,Brasil,Secretaria de Saúde Publica do Rio Grande do Norte,Especialista/Pós-graduado,Ciências Exatas e da Terra,Ciência da Computação,Não respondeu,Não respondeu,Pendente,não,Não credenciado,Não credenciado,não,não
RN,Natal,Brasil,SESAP/RN,Não respondeu,Não respondeu,Não respondeu,04/07/2024 13:28:00,ÚLTIMO LOTE [SOCIAL],Aprovado,sim,09/08/2024,12:02,sim,sim
GO,Formosa,Brasil,IFG - Instituto Federal de Goiás,Graduação,Não respondeu,Não respondeu,15/03/2024 12:55:00,Promocional,Aprovado,sim,09/08/2024,12:02,sim,sim
Não respondeu,Não respondeu,Brasil,Não Respondeu,Não respondeu,Não respondeu,Não respondeu,15/03/2024 23:47:00,2º Lote [Social],Aprovado,sim,09/08/2024,12:02,sim,sim
Não respondeu,Não respondeu,Brasil,Não Respondeu,Não respondeu,Ciências Exatas e da Terra,Ciência da Computação,07/07/2024 14:11:00,ÚLTIMO LOTE [ESTUDANTE],Aprovado,não,Não credenciado,Não credenciado,não,sim
Não respondeu,Não respondeu,Brasil,Não Respondeu,Não respondeu,Não respondeu,Não respondeu,01/08/2024 17:08:00,Promocional,Aprovado,sim,10/08/2024,06:55,sim,sim
Não respondeu,Não respondeu,Brasil,Não Respondeu,Não respondeu,Não respondeu,Não respondeu,03/07/2024 00:44:00,ÚLTIMO LOTE [ESTUDANTE],Aprovado,não,Não credenciado,Não credenciado,não,sim
Não respondeu,Não respondeu,Brasil,"INSTITUTO FEDERAL DE EDUCAÇÃO, CIÊNCIA E TECNOLOGIA DO RIO GRANDE DO NORTE",Especialista/Pós-graduado,Ciências Exatas e da Terra,Ciência da Computação,28/06/2024 18:49:00,ÚLTIMO LOTE [SOCIAL],Aprovado,sim,09/08/2024,12:02,sim,sim
Não respondeu,Não respondeu,Brasil,Não Respondeu,Não respondeu,Não respondeu,Não respondeu,02/08/2024 12:05:00,Promocional,Aprovado,sim,10/08/2024,07:21,sim,sim
Não respondeu,Não respondeu,Brasil,Não Respondeu,Não respondeu,Não respondeu,Não respondeu,22/04/2024 18:29:00,3º Lote inteira,Aprovado,sim,09/08/2024,12:02,sim,sim
PE,Olinda,Brasil,Não Respondeu,Não respondeu,Não respondeu,Não respondeu,19/06/2024 23:36:00,ÚLTIMO LOTE [ESTUDANTE],Aprovado,sim,10/08/2024,08:55,sim,sim
SP,São Paulo,Brasil,Não Respondeu,Não respondeu,Não respondeu,Não respondeu,Não respondeu,Não respondeu,Pendente,não,Não credenciado,Não credenciado,não,não
Não respondeu,Não respondeu,Brasil,Não Respondeu,Não respondeu,Não respondeu,Não respondeu,03/07/2024 15:55:00,ÚLTIMO LOTE [SOCIAL],Aprovado,sim,10/08/2024,07:45,sim,sim
Não respondeu,Não respondeu,Brasil,Não Respondeu,Não respondeu,Não respondeu,Não respondeu,Não respondeu,Não respondeu,Pendente,não,Não credenciado,Não credenciado,não,não
PE,Recife,Brasil,UNIVERSIDADE FEDERAL RURAL DE PERNAMBUCO,Graduação,Ciências Exatas e da Terra,Ciência da Computação,15/03/2024 13:47:00,Promocional,Aprovado,sim,09/08/2024,12:02,sim,sim
RN,Natal,Brasil,Não Respondeu,Não respondeu,Não respondeu,Não respondeu,04/03/2024 23:52:00,Promocional,Aprovado,sim,09/08/2024,12:02,sim,sim
CE,Fortaleza,Brasil,Não Respondeu,Não respondeu,Não respondeu,Não respondeu,15/03/2024 18:32:00,2º Lote [Estudante],Aprovado,sim,09/08/2024,12:02,sim,sim
PE,Ipojuca,Brasil,Interessada sem instituição,Não respondeu,Não respondeu,Não respondeu,08/04/2024 14:00:00,3º Lote [Estudante],Aprovado,não,Não credenciado,Não credenciado,não,sim
Não respondeu,Não respondeu,Brasil,Não Respondeu,Não respondeu,Não respondeu,Não respondeu,14/05/2024 17:24:00,3º Lote Social,Aprovado,sim,10/08/2024,07:26,sim,sim
PI,Teresina,Brasil,Não Respondeu,Não respondeu,Não respondeu,Não respondeu,Não respondeu,Não respondeu,Pendente,não,Não credenciado,Não credenciado,não,não
Não respondeu,Não respondeu,Brasil,Não Respondeu,Não respondeu,Não respondeu,Não respondeu,28/06/2024 18:02:00,ÚLTIMO LOTE [SOCIAL],Aprovado,sim,09/08/2024,12:02,sim,sim
Não respondeu,Não respondeu,Brasil,UFPB,Não respondeu,Não respondeu,Não respondeu,15/03/2024 18:22:00,2º Lote [Social],Aprovado,sim,10/08/2024,07:21,sim,sim
Não respondeu,Não respondeu,Brasil,Não Respondeu,Não respondeu,Não respondeu,Não respondeu,15/03/2024 19:03:00,2º Lote [Estudante],Aprovado,não,Não credenciado,Não credenciado,não,sim
Não respondeu,Não respondeu,Brasil,Não Respondeu,Não respondeu,Não respondeu,Não respondeu,Não respondeu,Não respondeu,Pendente,não,Não credenciado,Não credenciado,não,não
RN,Angicos,Brasil,UNIVERSIDADE FEDERAL RURAL DO SEMI-ÁRIDO,Não respondeu,Não respondeu,Não respondeu,Não respondeu,Não respondeu,Pendente,não,Não credenciado,Não credenciado,não,não
Não respondeu,Não respondeu,Brasil,Não Respondeu,Não respondeu,Não respondeu,Não respondeu,Não respondeu,Não respondeu,Pendente,não,Não credenciado,Não credenciado,não,não
MA,Imperatriz,Brasil,"INSTITUTO FEDERAL DE EDUCAÇÃO, CIÊNCIA E TECNOLOGIA DO MARANHÃO",Ensino Médio (2° grau),Ciências Exatas e da Terra,Química,Não respondeu,Não respondeu,Pendente,não,Não credenciado,Não credenciado,não,não
PE,Recife,Brasil,Não Respondeu,Não respondeu,Não respondeu,Não respondeu,29/02/2024 17:54:00,Promocional,Aprovado,sim,09/08/2024,12:02,sim,sim
Não respondeu,Não respondeu,Brasil,Não Respondeu,Não respondeu,Não respondeu,Não respondeu,Não respondeu,Não respondeu,Pendente,não,Não credenciado,Não credenciado,não,não
PI,Teresina,Brasil,Não Respondeu,Não respondeu,Não respondeu,Não respondeu,02/07/2024 22:22:00,ÚLTIMO LOTE [SOCIAL],Aprovado,não,Não credenciado,Não credenciado,não,sim
RS,Porto Alegre,Brasil,Não Respondeu,Não respondeu,Não respondeu,Não respondeu,Não respondeu,Não respondeu,Pendente,não,Não credenciado,Não credenciado,não,não
SP,Taboão da Serra,Brasil,Não Respondeu,Não respondeu,Não respondeu,Não respondeu,Não respondeu,Não respondeu,Pendente,não,Não credenciado,Não credenciado,não,não
Não respondeu,Não respondeu,Brasil,Não Respondeu,Não respondeu,Não respondeu,Não respondeu,15/03/2024 23:28:00,2º Lote [Social],Aprovado,sim,10/08/2024,07:21,sim,sim
Não respondeu,Não respondeu,Brasil,UNIVERSIDADE FEDERAL DE PERNAMBUCO,Graduação,Ciências Exatas e da Terra,Ciência da Computação,19/06/2024 13:30:00,ÚLTIMO LOTE [ESTUDANTE],Aprovado,sim,10/08/2024,07:21,sim,sim
Não respondeu,Não respondeu,Brasil,UNIVERSIDADE FEDERAL DO RIO GRANDE DO NORTE,Não respondeu,Não respondeu,Não respondeu,26/03/2024 19:46:00,2º Lote [Estudante],Aprovado,sim,11/08/2024,06:47,sim,sim
Não respondeu,Não respondeu,Brasil,Não Respondeu,Não respondeu,Não respondeu,Não respondeu,Não respondeu,Não respondeu,Pendente,não,Não credenciado,Não credenciado,não,não
RN,Natal,Brasil,SESAP/RN,Não respondeu,Ciências Exatas e da Terra,Ciência da Computação,Não respondeu,Não respondeu,Pendente,não,Não credenciado,Não credenciado,não,não
Não respondeu,Não respondeu,Brasil,Não Respondeu,Não respondeu,Não respondeu,Não respondeu,07/08/2024 00:30:00,3º Lote Social,Aprovado,sim,10/08/2024,07:21,sim,sim
RN,Mossoró,Brasil,UNIVERSIDADE DO ESTADO DO RIO GRANDE DO NORTE,Graduação,Ciências Exatas e da Terra,Ciência da Computação,Não respondeu,Não respondeu,Pendente,não,Não credenciado,Não credenciado,não,não
Não respondeu,Não respondeu,Brasil,Não Respondeu,Não respondeu,Não respondeu,Não respondeu,16/03/2024 20:10:00,2º Lote [Inteira],Aprovado,sim,10/08/2024,07:21,sim,sim
Não respondeu,Não respondeu,Brasil,Não Respondeu,Não respondeu,Não respondeu,Não respondeu,15/03/2024 20:44:00,2º Lote [Estudante],Aprovado,não,Não credenciado,Não credenciado,não,sim
RN,Parnamirim,Brasil,Universidade Federal do Rio Grande do Norte,Não respondeu,Ciências Exatas e da Terra,Ciência da Computação,04/03/2024 20:07:00,2º Lote [Estudante],Aprovado,sim,10/08/2024,08:55,sim,sim
Não respondeu,Não respondeu,Brasil,Não Respondeu,Não respondeu,Não respondeu,Não respondeu,07/07/2024 21:43:00,ÚLTIMO LOTE [ESTUDANTE],Aprovado,sim,09/08/2024,12:02,sim,sim
SC,Florianópolis,Brasil,"INSTITUTO FEDERAL DE EDUCAÇÃO, CIÊNCIA E TECNOLOGIA  DA PARAÍBA",Graduação,Engenharias,Engenharia Elétrica,03/03/2024 17:21:00,2º Lote [Estudante],Aprovado,não,Não credenciado,Não credenciado,não,sim
Não respondeu,Não respondeu,Brasil,Não Respondeu,Não respondeu,Não respondeu,Não respondeu,07/07/2024 15:38:00,ÚLTIMO LOTE [SOCIAL],Aprovado,sim,10/08/2024,07:21,sim,sim
PA,Castanhal,Brasil,Centro Universitário Internacional - UNINTER,Graduação,Ciências Exatas e da Terra,Ciência da Computação,Não respondeu,Não respondeu,Pendente,não,Não credenciado,Não credenciado,não,não
Não respondeu,Não respondeu,Brasil,Não Respondeu,Não respondeu,Não respondeu,Não respondeu,07/07/2024 19:22:00,ÚLTIMO LOTE [ESTUDANTE],Aprovado,sim,10/08/2024,07:21,sim,sim
Não respondeu,Não respondeu,Brasil,Não Respondeu,Não respondeu,Não respondeu,Não respondeu,13/06/2024 21:37:00,3º Lote Social,Aprovado,sim,09/08/2024,12:02,sim,sim
PE,Recife,Brasil,UNIVERSIDADE FEDERAL RURAL DE PERNAMBUCO,Graduação,Ciências Exatas e da Terra,Ciência da Computação,26/01/2024 13:08:00,2º Lote [Inteira],Aprovado,sim,10/08/2024,08:59,sim,sim
Não respondeu,Não respondeu,Brasil,Não Respondeu,Não respondeu,Não respondeu,Não respondeu,08/07/2024 01:13:00,ÚLTIMO LOTE [ESTUDANTE],Aprovado,sim,10/08/2024,07:21,sim,sim
RN,Mossoró,Brasil,UNIVERSIDADE DO ESTADO DO RIO GRANDE DO NORTE,Não respondeu,Não respondeu,Não respondeu,10/07/2024 16:36:00,ÚLTIMO LOTE [ESTUDANTE],Aprovado,sim,09/08/2024,12:02,sim,sim
Não respondeu,Não respondeu,Brasil,Não Respondeu,Não respondeu,Não respondeu,Não respondeu,01/08/2024 17:08:00,Promocional,Aprovado,sim,10/08/2024,06:55,sim,sim
PI,Parnaíba,Brasil,UNINASSAU- mauricio de nassau,Graduação,Não respondeu,Não respondeu,25/06/2024 20:44:00,Promocional,Aprovado,sim,11/08/2024,07:09,sim,sim
Não respondeu,Não respondeu,Brasil,Não Respondeu,Não respondeu,Não respondeu,Não respondeu,Não respondeu,Não respondeu,Pendente,não,Não credenciado,Não credenciado,não,não
DF,Brasília,Brasil,UNIVERSIDADE FEDERAL RURAL DE PERNAMBUCO,Graduação,Ciências Exatas e da Terra,Ciência da Computação,19/03/2024 05:16:00,2º Lote [Estudante],Aprovado,sim,10/08/2024,13:35,sim,sim
RN,Ceará-Mirim,Brasil,Puzzl Software House,Técnico,Outra,Outra,10/06/2024 21:36:00,3º Lote Social,Aprovado,sim,10/08/2024,11:28,sim,sim
PB,Patos,Brasil,UNIVERSIDADE ESTADUAL DA PARAÍBA,Graduação,Ciências Exatas e da Terra,Ciência da Computação,Não respondeu,Não respondeu,Pendente,não,Não credenciado,Não credenciado,não,não
Não respondeu,Não respondeu,Brasil,Não Respondeu,Não respondeu,Não respondeu,Não respondeu,15/03/2024 20:11:00,2º Lote [Social],Aprovado,sim,10/08/2024,13:35,sim,sim
PB,João Pessoa,Brasil,Não Respondeu,Não respondeu,Não respondeu,Não respondeu,05/03/2024 02:45:00,Promocional,Aprovado,não,Não credenciado,Não credenciado,não,sim
Não respondeu,Não respondeu,Brasil,Não Respondeu,Não respondeu,Não respondeu,Não respondeu,22/06/2024 22:28:00,ÚLTIMO LOTE [ESTUDANTE],Aprovado,não,Não credenciado,Não credenciado,não,sim
PI,Teresina,Brasil,UNIVERSIDADE FEDERAL DO PIAUÍ,Não respondeu,Não respondeu,Não respondeu,05/03/2024 00:15:00,Promocional,Aprovado,sim,11/08/2024,15:55,sim,sim
Não respondeu,Não respondeu,Brasil,Não Respondeu,Não respondeu,Não respondeu,Não respondeu,26/03/2024 18:16:00,2º Lote [Estudante],Aprovado,não,Não credenciado,Não credenciado,não,sim
Não respondeu,Não respondeu,Brasil,Não Respondeu,Não respondeu,Não respondeu,Não respondeu,Não respondeu,Não respondeu,Pendente,não,Não credenciado,Não credenciado,não,não
Não respondeu,Não respondeu,Brasil,Não Respondeu,Não respondeu,Não respondeu,Não respondeu,10/07/2024 17:30:00,ÚLTIMO LOTE [ESTUDANTE],Aprovado,sim,10/08/2024,07:21,sim,sim
Não respondeu,Não respondeu,Brasil,Não Respondeu,Não respondeu,Não respondeu,Não respondeu,Não respondeu,Não respondeu,Pendente,não,Não credenciado,Não credenciado,não,não
RN,Mossoró,Brasil,Universidade do Estado do rio Grande do Norte,Não respondeu,Não respondeu,Não respondeu,04/07/2024 19:36:00,ÚLTIMO LOTE [ESTUDANTE],Aprovado,sim,09/08/2024,12:02,sim,sim
Não respondeu,Não respondeu,Brasil,Não Respondeu,Não respondeu,Não respondeu,Não respondeu,07/07/2024 02:55:00,ÚLTIMO LOTE [ESTUDANTE],Aprovado,não,Não credenciado,Não credenciado,não,sim
Não respondeu,Não respondeu,Brasil,Não Respondeu,Não respondeu,Não respondeu,Não respondeu,Não respondeu,Não respondeu,Pendente,não,Não credenciado,Não credenciado,não,não
Não respondeu,Não respondeu,Brasil,Não Respondeu,Não respondeu,Não respondeu,Não respondeu,02/04/2024 14:33:00,3º Lote Social,Aprovado,não,Não credenciado,Não credenciado,não,sim
PE,Recife,Brasil,Não Respondeu,Não respondeu,Não respondeu,Não respondeu,02/03/2024 22:00:00,2º Lote [Estudante],Aprovado,não,Não credenciado,Não credenciado,não,sim
Não respondeu,Não respondeu,Brasil,Não Respondeu,Não respondeu,Não respondeu,Não respondeu,23/01/2024 01:18:00,Promocional,Aprovado,sim,10/08/2024,05:17,sim,sim
SP,Americana,Brasil,Não Respondeu,Não respondeu,Não respondeu,Não respondeu,01/08/2024 17:09:00,Promocional,Aprovado,sim,10/08/2024,06:55,sim,sim
PE,Recife,Brasil,Não Respondeu,Não respondeu,Não respondeu,Não respondeu,Não respondeu,Não respondeu,Pendente,não,Não credenciado,Não credenciado,não,não
Não respondeu,Não respondeu,Brasil,UNIVERSIDADE FEDERAL DA PARAÍBA,Não respondeu,Não respondeu,Não respondeu,14/06/2024 13:22:00,ÚLTIMO LOTE [SOCIAL],Aprovado,sim,09/08/2024,12:02,sim,sim
Não respondeu,Não respondeu,Brasil,UNIVERSIDADE FEDERAL DO RIO GRANDE DO NORTE,Não respondeu,Não respondeu,Não respondeu,02/06/2024 19:18:00,ÚLTIMO LOTE [SOCIAL],Aprovado,sim,09/08/2024,12:02,sim,sim
RN,Alto do Rodrigues,Brasil,UNIVERSIDADE DO ESTADO DO RIO GRANDE DO NORTE,Graduação,Outra,Outra,Não respondeu,Não respondeu,Pendente,não,Não credenciado,Não credenciado,não,não
BA,Lauro de Freitas,Brasil,Não Respondeu,Não respondeu,Não respondeu,Não respondeu,09/08/2024 14:53:00,3º Lote Social,Aprovado,sim,10/08/2024,08:59,sim,sim
Não respondeu,Não respondeu,Brasil,Não Respondeu,Não respondeu,Não respondeu,Não respondeu,28/06/2024 11:13:00,ÚLTIMO LOTE [ESTUDANTE],Aprovado,sim,10/08/2024,07:21,sim,sim
RN,Natal,Brasil,"IFRN - INSTITUTO FEDERAL DE EDUCAÇÃO, CIÊNCIA E TECNOLOGIA DO RIO GRANDE DO NORTE Campus Avançado Parelhas.",Não respondeu,Não respondeu,Não respondeu,05/03/2024 00:54:00,Promocional,Aprovado,sim,09/08/2024,12:02,sim,sim
RN,Natal,Brasil,Decred,Não respondeu,Não respondeu,Não respondeu,17/06/2024 13:49:00,ÚLTIMO LOTE [SOCIAL],Aprovado,sim,10/08/2024,07:21,sim,sim
Não respondeu,Não respondeu,Brasil,Não Respondeu,Não respondeu,Não respondeu,Não respondeu,15/03/2024 18:31:00,2º Lote [Social],Aprovado,sim,10/08/2024,11:42,sim,sim
Não respondeu,Não respondeu,Brasil,Não Respondeu,Não respondeu,Não respondeu,Não respondeu,03/07/2024 13:35:00,ÚLTIMO LOTE [ESTUDANTE],Aprovado,sim,10/08/2024,07:21,sim,sim
RN,Parnamirim,Brasil,Não Respondeu,Não respondeu,Não respondeu,Não respondeu,Não respondeu,Não respondeu,Pendente,não,Não credenciado,Não credenciado,não,não
Não respondeu,Não respondeu,Brasil,Não Respondeu,Não respondeu,Não respondeu,Não respondeu,Não respondeu,Não respondeu,Pendente,não,Não credenciado,Não credenciado,não,não
Não respondeu,Não respondeu,Brasil,Não Respondeu,Não respondeu,Não respondeu,Não respondeu,10/07/2024 15:41:00,ÚLTIMO LOTE [ESTUDANTE],Aprovado,sim,09/08/2024,12:02,sim,sim
SE,Aracaju,Brasil,FACULDADE DE ADMINISTRAÇÃO E NEGÓCIOS DE SERGIPE,Não respondeu,Não respondeu,Não respondeu,04/05/2024 23:06:00,3º Lote [Estudante],Aprovado,sim,09/08/2024,12:02,sim,sim
SE,Aracaju,Brasil,FACULDADE DE INFORMÁTICA E ADMINISTRAÇÃO PAULISTA,Especialista/Pós-graduado,Outra,Outra,27/03/2024 19:13:00,2º Lote [Estudante],Aprovado,sim,09/08/2024,12:02,sim,sim
Não respondeu,Não respondeu,Brasil,Não Respondeu,Não respondeu,Não respondeu,Não respondeu,08/07/2024 02:29:00,ÚLTIMO LOTE [INTEIRA],Aprovado,não,Não credenciado,Não credenciado,não,sim
Não respondeu,Não respondeu,Brasil,Não Respondeu,Não respondeu,Não respondeu,Não respondeu,Não respondeu,Não respondeu,Pendente,não,Não credenciado,Não credenciado,não,não
Não respondeu,Não respondeu,Brasil,Não Respondeu,Não respondeu,Não respondeu,Não respondeu,Não respondeu,Não respondeu,Pendente,não,Não credenciado,Não credenciado,não,não
PI,Teresina,Brasil,Universidade Federal do Piauí,Não respondeu,Não respondeu,Não respondeu,03/07/2024 02:30:00,ÚLTIMO LOTE [ESTUDANTE],Aprovado,não,Não credenciado,Não credenciado,não,sim
RN,Natal,Brasil,Não Respondeu,Não respondeu,Não respondeu,Não respondeu,03/03/2024 03:36:00,3º Lote Social,Aprovado,sim,09/08/2024,12:02,sim,sim
Não respondeu,Não respondeu,Brasil,Não Respondeu,Não respondeu,Não respondeu,Não respondeu,10/07/2024 18:08:00,ÚLTIMO LOTE [ESTUDANTE],Aprovado,sim,10/08/2024,07:21,sim,sim
RN,Baraúna,Brasil,Universidade do Estado do rio Grande do Norte,Não respondeu,Não respondeu,Não respondeu,05/07/2024 18:30:00,ÚLTIMO LOTE [ESTUDANTE],Aprovado,sim,09/08/2024,12:02,sim,sim
Não respondeu,Não respondeu,Brasil,Não Respondeu,Não respondeu,Não respondeu,Não respondeu,05/07/2024 14:29:00,Promocional,Aprovado,sim,11/08/2024,15:55,sim,sim
Não respondeu,Não respondeu,Brasil,Não Respondeu,Não respondeu,Não respondeu,Não respondeu,Não respondeu,Não respondeu,Pendente,não,Não credenciado,Não credenciado,não,não
Não respondeu,Não respondeu,Brasil,Não Respondeu,Não respondeu,Não respondeu,Não respondeu,07/07/2024 23:03:00,ÚLTIMO LOTE [ESTUDANTE],Aprovado,sim,09/08/2024,12:02,sim,sim
PI,Teresina,Brasil,Não Respondeu,Não respondeu,Não respondeu,Não respondeu,19/05/2024 22:09:00,3º Lote [Estudante],Aprovado,não,Não credenciado,Não credenciado,não,sim
Não respondeu,Não respondeu,Brasil,UNIVERSIDADE FEDERAL DE SERGIPE,Graduação,Não respondeu,Não respondeu,09/06/2024 04:54:00,3º Lote inteira,Aprovado,sim,10/08/2024,05:53,sim,sim
Não respondeu,Não respondeu,Brasil,UNIVERSIDADE FEDERAL DA PARAÍBA,Graduação,Não respondeu,Não respondeu,25/03/2024 19:07:00,2º Lote [Estudante],Aprovado,sim,10/08/2024,07:21,sim,sim
Não respondeu,Não respondeu,Brasil,Não Respondeu,Não respondeu,Não respondeu,Não respondeu,Não respondeu,Não respondeu,Pendente,não,Não credenciado,Não credenciado,não,não
Não respondeu,Não respondeu,Brasil,Não Respondeu,Não respondeu,Não respondeu,Não respondeu,10/08/2024 13:05:00,Promocional,Aprovado,sim,10/08/2024,11:18,sim,sim
Não respondeu,Não respondeu,Brasil,Não Respondeu,Não respondeu,Não respondeu,Não respondeu,15/03/2024 18:17:00,2º Lote [Estudante],Aprovado,não,Não credenciado,Não credenciado,não,sim
Não respondeu,Não respondeu,Brasil,UFCA -UNIVERSIDADE FEDEREAL DO CARIRI,Não respondeu,Não respondeu,Não respondeu,Não respondeu,Não respondeu,Pendente,não,Não credenciado,Não credenciado,não,não
Não respondeu,Não respondeu,Brasil,Não Respondeu,Não respondeu,Não respondeu,Não respondeu,29/01/2024 19:51:00,ÚLTIMO LOTE [SOCIAL],Aprovado,sim,10/08/2024,07:45,sim,sim
PI,Parnaíba,Brasil,UNIVERSIDADE ESTADUAL DO PIAUÍ,Graduação,Não respondeu,Não respondeu,16/03/2024 17:34:00,2º Lote [Inteira],Aprovado,sim,10/08/2024,07:21,sim,sim
Não respondeu,Não respondeu,Brasil,IMD/UFRN - Instituto Metrópole Digital / Universidade Federal do Rio Grande do Norte,Não respondeu,Não respondeu,Não respondeu,Não respondeu,Não respondeu,Pendente,não,Não credenciado,Não credenciado,não,não
PE,Recife,Brasil,Não Respondeu,Não respondeu,Não respondeu,Não respondeu,16/03/2024 16:20:00,2º Lote [Estudante],Aprovado,sim,09/08/2024,12:02,sim,sim
SP,São Carlos,Brasil,Não Respondeu,Não respondeu,Não respondeu,Não respondeu,30/01/2024 14:24:00,Promocional,Aprovado,sim,10/08/2024,07:21,sim,sim
PE,Recife,Brasil,UNIVERSIDADE FEDERAL DE PERNAMBUCO,Graduação,Ciências Sociais Aplicadas,Desenho Industrial,Não respondeu,Não respondeu,Pendente,não,Não credenciado,Não credenciado,não,não
Não respondeu,Não respondeu,Brasil,"INSTITUTO FEDERAL DE EDUCAÇÃO, CIÊNCIA E TECNOLOGIA  DA PARAÍBA",Especialista/Pós-graduado,Não respondeu,Não respondeu,15/03/2024 12:45:00,Promocional,Aprovado,sim,10/08/2024,06:16,sim,sim
Não respondeu,Não respondeu,Brasil,Não Respondeu,Não respondeu,Não respondeu,Não respondeu,12/06/2024 23:01:00,3º Lote Social,Aprovado,não,Não credenciado,Não credenciado,não,sim
RN,Mossoró,Brasil,UNIVERSIDADE DO ESTADO DO RIO GRANDE DO NORTE,Não respondeu,Não respondeu,Não respondeu,04/07/2024 19:29:00,ÚLTIMO LOTE [ESTUDANTE],Aprovado,sim,09/08/2024,12:02,sim,sim
Não respondeu,Não respondeu,Brasil,Não Respondeu,Não respondeu,Não respondeu,Não respondeu,15/03/2024 19:42:00,2º Lote [Estudante],Aprovado,não,Não credenciado,Não credenciado,não,sim
Não respondeu,Não respondeu,Brasil,Não Respondeu,Não respondeu,Não respondeu,Não respondeu,06/07/2024 12:19:00,ÚLTIMO LOTE [SOCIAL],Aprovado,não,Não credenciado,Não credenciado,não,sim
Não respondeu,Não respondeu,Brasil,Não Respondeu,Não respondeu,Não respondeu,Não respondeu,Não respondeu,Não respondeu,Pendente,não,Não credenciado,Não credenciado,não,não
Não respondeu,Não respondeu,Brasil,Não Respondeu,Não respondeu,Não respondeu,Não respondeu,Não respondeu,Não respondeu,Pendente,não,Não credenciado,Não credenciado,não,não
Não respondeu,Não respondeu,Brasil,Não Respondeu,Não respondeu,Não respondeu,Não respondeu,10/07/2024 16:03:00,ÚLTIMO LOTE [ESTUDANTE],Aprovado,sim,10/08/2024,07:21,sim,sim
Não respondeu,Não respondeu,Brasil,Não Respondeu,Não respondeu,Não respondeu,Não respondeu,05/07/2024 15:22:00,ÚLTIMO LOTE [ESTUDANTE],Aprovado,sim,09/08/2024,12:02,sim,sim
AL,Maceió,Brasil,Não Respondeu,Não respondeu,Não respondeu,Não respondeu,15/03/2024 18:23:00,2º Lote [Social],Aprovado,sim,09/08/2024,12:02,sim,sim
PE,Recife,Brasil,Não Respondeu,Não respondeu,Não respondeu,Não respondeu,07/02/2024 14:41:00,Promocional,Aprovado,sim,10/08/2024,06:16,sim,sim
Não respondeu,Não respondeu,Brasil,Não Respondeu,Não respondeu,Não respondeu,Não respondeu,04/04/2024 20:52:00,3º Lote Social,Aprovado,sim,10/08/2024,08:38,sim,sim
PB,João Pessoa,Brasil,Não Respondeu,Não respondeu,Não respondeu,Não respondeu,16/03/2024 00:41:00,2º Lote [Inteira],Aprovado,sim,09/08/2024,12:02,sim,sim
Não respondeu,Não respondeu,Brasil,Não Respondeu,Não respondeu,Não respondeu,Não respondeu,03/07/2024 10:18:00,ÚLTIMO LOTE [ESTUDANTE],Aprovado,não,Não credenciado,Não credenciado,não,sim
Não respondeu,Não respondeu,Brasil,Não Respondeu,Não respondeu,Não respondeu,Não respondeu,04/06/2024 14:55:00,Promocional,Aprovado,sim,10/08/2024,07:21,sim,sim
Não respondeu,Não respondeu,Brasil,Não Respondeu,Não respondeu,Não respondeu,Não respondeu,06/06/2024 02:47:00,Promocional,Aprovado,sim,10/08/2024,06:16,sim,sim
RN,Mossoró,Brasil,Não Respondeu,Não respondeu,Não respondeu,Não respondeu,20/02/2024 15:56:00,ÚLTIMO LOTE [SOCIAL],Aprovado,sim,09/08/2024,12:02,sim,sim
PE,Recife,Brasil,UNIVERSIDADE FEDERAL RURAL DE PERNAMBUCO,Graduação,Ciências Exatas e da Terra,Ciência da Computação,Não respondeu,Não respondeu,Pendente,não,Não credenciado,Não credenciado,não,não
Não respondeu,Não respondeu,Brasil,Não Respondeu,Não respondeu,Não respondeu,Não respondeu,24/04/2024 22:48:00,3º Lote [Estudante],Aprovado,não,Não credenciado,Não credenciado,não,sim
Não respondeu,Não respondeu,Brasil,Não Respondeu,Não respondeu,Não respondeu,Não respondeu,05/07/2024 17:06:00,ÚLTIMO LOTE [SOCIAL],Aprovado,sim,09/08/2024,12:02,sim,sim
Não respondeu,Não respondeu,Brasil,Não Respondeu,Não respondeu,Não respondeu,Não respondeu,07/07/2024 18:41:00,ÚLTIMO LOTE [ESTUDANTE],Aprovado,não,Não credenciado,Não credenciado,não,sim
PB,João Pessoa,Brasil,UFMS - Universidade Federal de Mato Grosso do Sul,Doutorado,Ciências Humanas,Educação,Não respondeu,Não respondeu,Pendente,não,Não credenciado,Não credenciado,não,não
Não respondeu,Não respondeu,Brasil,Não Respondeu,Não respondeu,Não respondeu,Não respondeu,15/03/2024 20:19:00,2º Lote [Social],Aprovado,sim,10/08/2024,07:21,sim,sim
SP,São Paulo,Brasil,Não Respondeu,Não respondeu,Não respondeu,Não respondeu,01/02/2024 13:33:00,Promocional,Aprovado,sim,10/08/2024,07:21,sim,sim
Não respondeu,Não respondeu,Brasil,Não Respondeu,Não respondeu,Não respondeu,Não respondeu,Não respondeu,Não respondeu,Pendente,não,Não credenciado,Não credenciado,não,não
CE,Fortaleza ,Brasil,UNIVERSIDADE FEDERAL DO CEARÁ,Graduação,Engenharias,Engenharia Elétrica,31/01/2024 17:09:00,Promocional,Aprovado,sim,09/08/2024,12:02,sim,sim
RN,Mossoró,Brasil,Universidade do Estado do rio Grande do Norte,Não respondeu,Não respondeu,Não respondeu,05/07/2024 14:12:00,ÚLTIMO LOTE [ESTUDANTE],Aprovado,sim,09/08/2024,12:02,sim,sim
PI,Teresina,Brasil,UFPI - UNIVERSIDADE FEDERAL DO PIAUÍ - CAMPUS PETRONIO PORTELA,Graduação,Não respondeu,Não respondeu,Não respondeu,Não respondeu,Pendente,não,Não credenciado,Não credenciado,não,não
Não respondeu,Não respondeu,Brasil,INTERAS,Não respondeu,Não respondeu,Não respondeu,15/03/2024 19:14:00,2º Lote [Estudante],Aprovado,sim,10/08/2024,11:42,sim,sim
RN,Mossoró,Brasil,IFRN,Mestrado,Ciências Exatas e da Terra,Ciência da Computação,20/03/2024 18:37:00,2º Lote [Estudante],Aprovado,não,Não credenciado,Não credenciado,não,sim
SP,São Paulo,Brasil,CENTRO UNIVERSITÁRIO DAS FACULDADES METROPOLITANAS UNIDAS,Especialista/Pós-graduado,Não respondeu,Não respondeu,22/02/2024 15:56:00,Promocional,Aprovado,sim,10/08/2024,05:53,sim,sim
RN,Natal,Brasil,Não Respondeu,Não respondeu,Não respondeu,Não respondeu,Não respondeu,Não respondeu,Pendente,não,Não credenciado,Não credenciado,não,não
SP,São Carlos,Brasil,Não Respondeu,Graduação,Não respondeu,Não respondeu,26/01/2024 12:43:00,Promocional,Aprovado,sim,09/08/2024,07:33,sim,sim
Não respondeu,Não respondeu,Brasil,Não Respondeu,Não respondeu,Não respondeu,Não respondeu,Não respondeu,Não respondeu,Pendente,não,Não credenciado,Não credenciado,não,não
SE,Aracaju,Brasil,Não Respondeu,Não respondeu,Não respondeu,Não respondeu,Não respondeu,Não respondeu,Pendente,não,Não credenciado,Não credenciado,não,não
PI,Teresina,Brasil,UNIVERSIDADE FEDERAL DO PIAUÍ,Graduação,Não respondeu,Não respondeu,04/03/2024 23:49:00,Promocional,Aprovado,não,Não credenciado,Não credenciado,não,sim
Não respondeu,Não respondeu,Brasil,Não Respondeu,Não respondeu,Não respondeu,Não respondeu,Não respondeu,Não respondeu,Pendente,não,Não credenciado,Não credenciado,não,não
BA,Salvador,Brasil,Não Respondeu,Não respondeu,Não respondeu,Não respondeu,29/01/2024 21:26:00,Promocional,Aprovado,não,Não credenciado,Não credenciado,não,sim
Não respondeu,Não respondeu,Brasil,Não Respondeu,Não respondeu,Não respondeu,Não respondeu,Não respondeu,Não respondeu,Pendente,não,Não credenciado,Não credenciado,não,não
Não respondeu,Não respondeu,Brasil,Não Respondeu,Não respondeu,Não respondeu,Não respondeu,02/07/2024 20:26:00,Promocional,Aprovado,sim,10/08/2024,08:38,sim,sim
PE,Recife,Brasil,Não Respondeu,Não respondeu,Não respondeu,Não respondeu,Não respondeu,Não respondeu,Pendente,não,Não credenciado,Não credenciado,não,não
Não respondeu,Não respondeu,Brasil,UNIVERSIDADE FEDERAL RURAL DE PERNAMBUCO,Graduação,Ciências Exatas e da Terra,Ciência da Computação,Não respondeu,Não respondeu,Pendente,não,Não credenciado,Não credenciado,não,não
SP,São José dos Campos,Brasil,Não Respondeu,Não respondeu,Não respondeu,Não respondeu,04/03/2024 12:06:00,Promocional,Aprovado,não,Não credenciado,Não credenciado,não,sim
PE,Jaboatão dos Guararapes,Brasil,FACULDADE DOS GUARARAPES,Graduação,Ciências Exatas e da Terra,Ciência da Computação,15/03/2024 12:56:00,Promocional,Aprovado,sim,09/08/2024,12:02,sim,sim
Não respondeu,Não respondeu,Brasil,Não Respondeu,Não respondeu,Não respondeu,Não respondeu,10/07/2024 16:20:00,ÚLTIMO LOTE [ESTUDANTE],Aprovado,sim,09/08/2024,12:02,sim,sim
Não respondeu,Não respondeu,Brasil,Não Respondeu,Não respondeu,Não respondeu,Não respondeu,08/06/2024 09:27:00,3º Lote [Estudante],Aprovado,não,Não credenciado,Não credenciado,não,sim
CE,Fortaleza,Brasil,Não Respondeu,Não respondeu,Não respondeu,Não respondeu,28/02/2024 12:52:00,2º Lote [Social],Aprovado,não,Não credenciado,Não credenciado,não,sim
Não respondeu,Não respondeu,Brasil,UNIVERSIDADE DO ESTADO DO RIO GRANDE DO NORTE,Ensino Médio (2° grau),Não respondeu,Não respondeu,04/07/2024 23:32:00,ÚLTIMO LOTE [ESTUDANTE],Aprovado,sim,10/08/2024,07:21,sim,sim
Não respondeu,Não respondeu,Brasil,Não Respondeu,Não respondeu,Não respondeu,Não respondeu,22/04/2024 05:03:00,3º Lote [Estudante],Aprovado,sim,10/08/2024,08:21,sim,sim
Não respondeu,Não respondeu,Brasil,Não Respondeu,Não respondeu,Não respondeu,Não respondeu,25/07/2024 13:28:00,3º Lote Social,Aprovado,sim,10/08/2024,07:21,sim,sim
Não respondeu,Não respondeu,Brasil,UNIVERSIDADE FEDERAL DA PARAÍBA,Não respondeu,Não respondeu,Não respondeu,16/03/2024 02:16:00,2º Lote [Estudante],Aprovado,sim,10/08/2024,07:21,sim,sim
PE,Recife,Brasil,Não Respondeu,Graduação,Ciências Exatas e da Terra,Probabilidade e Estatística,15/03/2024 19:11:00,2º Lote [Estudante],Aprovado,não,Não credenciado,Não credenciado,não,sim
Não respondeu,Não respondeu,Brasil,Não Respondeu,Não respondeu,Não respondeu,Não respondeu,07/07/2024 19:11:00,ÚLTIMO LOTE [ESTUDANTE],Aprovado,sim,09/08/2024,12:02,sim,sim
PB,João Pessoa,Brasil,Não Respondeu,Não respondeu,Não respondeu,Não respondeu,28/01/2024 17:48:00,Promocional,Aprovado,sim,10/08/2024,06:02,sim,sim
Não respondeu,Não respondeu,Brasil,Não Respondeu,Não respondeu,Não respondeu,Não respondeu,Não respondeu,Não respondeu,Pendente,não,Não credenciado,Não credenciado,não,não
Não respondeu,Não respondeu,Brasil,Não Respondeu,Não respondeu,Não respondeu,Não respondeu,12/06/2024 22:01:00,3º Lote Social,Aprovado,não,Não credenciado,Não credenciado,não,sim
Não respondeu,Não respondeu,Brasil,Não Respondeu,Não respondeu,Não respondeu,Não respondeu,03/03/2024 21:07:00,2º Lote [Social],Aprovado,sim,10/08/2024,07:26,sim,sim
PE,Recife,Brasil,Não Respondeu,Não respondeu,Não respondeu,Não respondeu,12/04/2024 17:38:00,3º Lote [Estudante],Aprovado,não,Não credenciado,Não credenciado,não,sim
Não respondeu,Não respondeu,Brasil,Não Respondeu,Não respondeu,Não respondeu,Não respondeu,05/06/2024 20:10:00,3º Lote Social,Aprovado,sim,10/08/2024,07:21,sim,sim
PE,Recife,Brasil,Não respondeu,Não respondeu,Não respondeu,Não respondeu,Não respondeu,Não respondeu,Pendente,não,Não credenciado,Não credenciado,não,não
Não respondeu,Não respondeu,Brasil,"INSTITUTO FEDERAL DE EDUCAÇÃO, CIÊNCIA E TECNOLOGIA  DA PARAÍBA",Não respondeu,Não respondeu,Não respondeu,10/05/2024 00:34:00,3º Lote Social,Aprovado,não,Não credenciado,Não credenciado,não,sim
Não respondeu,Não respondeu,Brasil,Não Respondeu,Não respondeu,Não respondeu,Não respondeu,05/08/2024 17:33:00,Promocional,Aprovado,sim,10/08/2024,07:21,sim,sim
Não respondeu,Não respondeu,Brasil,Não Respondeu,Não respondeu,Não respondeu,Não respondeu,05/08/2024 17:33:00,Promocional,Aprovado,sim,11/08/2024,15:55,sim,sim
Não respondeu,Não respondeu,Brasil,Não Respondeu,Não respondeu,Não respondeu,Não respondeu,16/03/2024 03:02:00,2º Lote [Social],Aprovado,sim,10/08/2024,11:42,sim,sim
PB,João Pessoa,Brasil,UNIVERSIDADE FEDERAL DA PARAÍBA,Graduação,Não respondeu,Não respondeu,16/03/2024 02:22:00,2º Lote [Estudante],Aprovado,sim,10/08/2024,07:21,sim,sim
Não respondeu,Não respondeu,Brasil,Não Respondeu,Não respondeu,Não respondeu,Não respondeu,16/03/2024 09:27:00,2º Lote [Social],Aprovado,não,Não credenciado,Não credenciado,não,sim
Não respondeu,Não respondeu,Brasil,Não Respondeu,Não respondeu,Não respondeu,Não respondeu,Não respondeu,Não respondeu,Pendente,não,Não credenciado,Não credenciado,não,não
Não respondeu,Não respondeu,Brasil,Não Respondeu,Não respondeu,Não respondeu,Não respondeu,Não respondeu,Não respondeu,Pendente,não,Não credenciado,Não credenciado,não,não
RN,Natal,Brasil,Não Respondeu,Não respondeu,Não respondeu,Não respondeu,Não respondeu,Não respondeu,Pendente,não,Não credenciado,Não credenciado,não,não
Não respondeu,Não respondeu,Brasil,Não Respondeu,Não respondeu,Não respondeu,Não respondeu,15/03/2024 20:48:00,2º Lote [Social],Aprovado,não,Não credenciado,Não credenciado,não,sim
Não respondeu,Não respondeu,Brasil,Não Respondeu,Não respondeu,Não respondeu,Não respondeu,18/03/2024 00:06:00,2º Lote [Estudante],Aprovado,sim,09/08/2024,12:02,sim,sim
Não respondeu,Não respondeu,Brasil,Não Respondeu,Não respondeu,Não respondeu,Não respondeu,12/06/2024 22:43:00,3º Lote Social,Aprovado,não,Não credenciado,Não credenciado,não,sim
CE,Eusébio,Brasil,Não Respondeu,Não respondeu,Não respondeu,Não respondeu,16/02/2024 01:58:00,Promocional,Aprovado,sim,10/08/2024,08:05,sim,sim
RN,Parnamirim,Brasil,Não Respondeu,Não respondeu,Não respondeu,Não respondeu,05/07/2024 12:16:00,Promocional,Aprovado,sim,09/08/2024,12:02,sim,sim
PB,João Pessoa,Brasil,CENTRO UNIVERSITÁRIO DE JOÃO PESSOA,Graduação,Não respondeu,Não respondeu,15/03/2024 12:53:00,2º Lote [Inteira],Aprovado,sim,09/08/2024,12:02,sim,sim
Não respondeu,Não respondeu,Brasil,Não Respondeu,Não respondeu,Não respondeu,Não respondeu,07/07/2024 19:13:00,ÚLTIMO LOTE [SOCIAL],Aprovado,sim,10/08/2024,07:21,sim,sim
Não respondeu,Não respondeu,Brasil,Não Respondeu,Não respondeu,Não respondeu,Não respondeu,15/03/2024 13:30:00,Promocional,Aprovado,não,Não credenciado,Não credenciado,não,sim
PI,Teresina,Brasil,Universidade Federal do Piauí,Graduação,Ciências Exatas e da Terra,Ciência da Computação,15/03/2024 14:05:00,Promocional,Aprovado,não,Não credenciado,Não credenciado,não,sim
BA,Salvador,Brasil,Não Respondeu,Não respondeu,Não respondeu,Não respondeu,Não respondeu,Não respondeu,Pendente,não,Não credenciado,Não credenciado,não,não
Não respondeu,Não respondeu,Brasil,Não Respondeu,Não respondeu,Não respondeu,Não respondeu,10/07/2024 15:45:00,ÚLTIMO LOTE [ESTUDANTE],Aprovado,sim,10/08/2024,07:21,sim,sim
RN,Currais Novos,Brasil,Não Respondeu,Não respondeu,Não respondeu,Não respondeu,26/01/2024 15:01:00,ÚLTIMO LOTE [SOCIAL],Aprovado,sim,10/08/2024,07:21,sim,sim
PE,Recife,Brasil,Não Respondeu,Não respondeu,Não respondeu,Não respondeu,Não respondeu,Não respondeu,Pendente,não,Não credenciado,Não credenciado,não,não
RN,Natal,Brasil,Não Respondeu,Não respondeu,Não respondeu,Não respondeu,04/03/2024 23:39:00,2º Lote [Social],Aprovado,sim,10/08/2024,13:35,sim,sim
Não respondeu,Não respondeu,Brasil,Não Respondeu,Não respondeu,Não respondeu,Não respondeu,03/05/2024 23:42:00,3º Lote [Estudante],Aprovado,não,Não credenciado,Não credenciado,não,sim
Não respondeu,Não respondeu,Brasil,Não Respondeu,Não respondeu,Não respondeu,Não respondeu,03/06/2024 16:07:00,3º Lote [Estudante],Aprovado,sim,10/08/2024,05:57,sim,sim
Não respondeu,Não respondeu,Brasil,UNIVERSIDADE FEDERAL RURAL DO SEMI-ÁRIDO,Graduação,Não respondeu,Não respondeu,25/07/2024 01:39:00,Promocional,Aprovado,sim,10/08/2024,06:16,sim,sim
SC,Florianópolis,Brasil,Não Respondeu,Não respondeu,Não respondeu,Não respondeu,27/02/2024 22:10:00,Promocional,Aprovado,sim,09/08/2024,07:34,sim,sim
PB,João Pessoa,Brasil,INSTITUTO DE EDUCAÇÃO SUPERIOR DA PARAÍBA,Especialista/Pós-graduado,Não respondeu,Não respondeu,15/03/2024 23:46:00,2º Lote [Social],Aprovado,sim,09/08/2024,12:02,sim,sim
Não respondeu,Não respondeu,Brasil,Não Respondeu,Não respondeu,Não respondeu,Não respondeu,15/03/2024 13:53:00,Promocional,Aprovado,sim,09/08/2024,12:02,sim,sim
Não respondeu,Não respondeu,Brasil,Não Respondeu,Não respondeu,Não respondeu,Não respondeu,Não respondeu,Não respondeu,Pendente,não,Não credenciado,Não credenciado,não,não
Não respondeu,Não respondeu,Brasil,Não Respondeu,Não respondeu,Não respondeu,Não respondeu,03/06/2024 22:15:00,3º Lote Social,Aprovado,sim,10/08/2024,08:59,sim,sim
Não respondeu,Não respondeu,Brasil,Não Respondeu,Não respondeu,Não respondeu,Não respondeu,08/07/2024 02:25:00,ÚLTIMO LOTE [ESTUDANTE],Aprovado,sim,09/08/2024,12:02,sim,sim
PB,João Pessoa,Brasil,UNIVERSIDADE FEDERAL DE CAMPINA GRANDE,Não respondeu,Não respondeu,Não respondeu,15/03/2024 12:38:00,Promocional,Aprovado,sim,10/08/2024,07:21,sim,sim
Não respondeu,Não respondeu,Brasil,Não Respondeu,Não respondeu,Não respondeu,Não respondeu,15/03/2024 18:26:00,2º Lote [Social],Aprovado,sim,10/08/2024,07:21,sim,sim
Não respondeu,Não respondeu,Brasil,Não Respondeu,Não respondeu,Não respondeu,Não respondeu,04/07/2024 14:56:00,ÚLTIMO LOTE [ESTUDANTE],Aprovado,sim,09/08/2024,12:02,sim,sim
Não respondeu,Não respondeu,Brasil,Não Respondeu,Não respondeu,Não respondeu,Não respondeu,01/06/2024 00:15:00,3º Lote [Estudante],Aprovado,não,Não credenciado,Não credenciado,não,sim
RN,Parnamirim,Brasil,Não Respondeu,Não respondeu,Não respondeu,Não respondeu,04/03/2024 14:24:00,2º Lote [Social],Aprovado,sim,10/08/2024,07:21,sim,sim
Não respondeu,Não respondeu,Brasil,Não Respondeu,Não respondeu,Não respondeu,Não respondeu,19/06/2024 16:32:00,ÚLTIMO LOTE [ESTUDANTE],Aprovado,sim,10/08/2024,07:14,sim,sim
Não respondeu,Não respondeu,Brasil,Não Respondeu,Não respondeu,Não respondeu,Não respondeu,29/06/2024 14:32:00,ÚLTIMO LOTE [ESTUDANTE],Aprovado,sim,10/08/2024,07:21,sim,sim
PB,João Pessoa,Brasil,Uniesp João Pessoa,Não respondeu,Não respondeu,Não respondeu,02/07/2024 14:07:00,ÚLTIMO LOTE [SOCIAL],Aprovado,sim,09/08/2024,12:02,sim,sim
Não respondeu,Não respondeu,Brasil,Não Respondeu,Não respondeu,Não respondeu,Não respondeu,05/05/2024 02:18:00,3º Lote [Estudante],Aprovado,sim,10/08/2024,07:21,sim,sim
PE,Recife,Brasil,Não Respondeu,Não respondeu,Não respondeu,Não respondeu,Não respondeu,Não respondeu,Pendente,não,Não credenciado,Não credenciado,não,não
Não respondeu,Não respondeu,Brasil,UNIVERSIDADE FEDERAL DO RIO GRANDE DO NORTE,Graduação,Não respondeu,Não respondeu,26/03/2024 17:09:00,2º Lote [Estudante],Aprovado,sim,10/08/2024,07:21,sim,sim
Não respondeu,Não respondeu,Brasil,Não Respondeu,Não respondeu,Não respondeu,Não respondeu,Não respondeu,Não respondeu,Pendente,sim,09/08/2024,12:02,não,não
RN,Natal,Brasil,Não Respondeu,Não respondeu,Não respondeu,Não respondeu,Não respondeu,Não respondeu,Pendente,não,Não credenciado,Não credenciado,não,não
PB,João Pessoa,Brasil,Não Respondeu,Não respondeu,Não respondeu,Não respondeu,15/03/2024 18:38:00,2º Lote [Social],Aprovado,sim,09/08/2024,12:02,sim,sim
Não respondeu,Não respondeu,Brasil,Não Respondeu,Não respondeu,Não respondeu,Não respondeu,05/03/2024 23:35:00,Promocional,Aprovado,sim,10/08/2024,07:26,sim,sim
Não respondeu,Não respondeu,Brasil,Não Respondeu,Não respondeu,Não respondeu,Não respondeu,19/03/2024 01:51:00,ÚLTIMO LOTE [ESTUDANTE],Aprovado,sim,09/08/2024,12:02,sim,sim
PE,Limoeiro,Brasil,Não Respondeu,Não respondeu,Não respondeu,Não respondeu,Não respondeu,Não respondeu,Pendente,não,Não credenciado,Não credenciado,não,não
PI,Teresina,Brasil,Não Respondeu,Não respondeu,Não respondeu,Não respondeu,11/06/2024 16:54:00,3º Lote [Estudante],Aprovado,não,Não credenciado,Não credenciado,não,sim
RN,Natal,Brasil,SESAP/RN,Não respondeu,Não respondeu,Não respondeu,Não respondeu,Não respondeu,Pendente,não,Não credenciado,Não credenciado,não,não
Não respondeu,Não respondeu,Brasil,Não Respondeu,Não respondeu,Não respondeu,Não respondeu,05/08/2024 17:33:00,Promocional,Aprovado,sim,10/08/2024,07:21,sim,sim
PE,Recife,Brasil,Não Respondeu,Não respondeu,Não respondeu,Não respondeu,04/06/2024 17:16:00,3º Lote [Estudante],Aprovado,sim,09/08/2024,12:02,sim,sim
Não respondeu,Não respondeu,Brasil,Não Respondeu,Não respondeu,Não respondeu,Não respondeu,04/07/2024 19:25:00,ÚLTIMO LOTE [ESTUDANTE],Aprovado,sim,09/08/2024,12:02,sim,sim
PE,Paulista,Brasil,uniesp,Graduação,Ciências Exatas e da Terra,Ciência da Computação,15/03/2024 12:48:00,Promocional,Aprovado,sim,10/08/2024,07:21,sim,sim
Não respondeu,Não respondeu,Brasil,Não Respondeu,Não respondeu,Não respondeu,Não respondeu,19/03/2024 22:36:00,2º Lote [Estudante],Aprovado,não,Não credenciado,Não credenciado,não,sim
Não respondeu,Não respondeu,Brasil,Não Respondeu,Não respondeu,Não respondeu,Não respondeu,06/06/2024 19:17:00,3º Lote [Estudante],Aprovado,não,Não credenciado,Não credenciado,não,sim
Não respondeu,Não respondeu,Brasil,Não Respondeu,Não respondeu,Não respondeu,Não respondeu,20/06/2024 22:27:00,ÚLTIMO LOTE [ESTUDANTE],Aprovado,sim,10/08/2024,07:21,sim,sim
RN,Natal,Brasil,Não Respondeu,Graduação,Não respondeu,Não respondeu,Não respondeu,Não respondeu,Pendente,não,Não credenciado,Não credenciado,não,não
Não respondeu,Não respondeu,Brasil,Não Respondeu,Não respondeu,Não respondeu,Não respondeu,15/03/2024 19:06:00,Promocional,Aprovado,sim,18/08/2024,16:12,sim,sim
PB,João Pessoa,Brasil,Não Respondeu,Não respondeu,Não respondeu,Não respondeu,15/03/2024 12:38:00,Promocional,Aprovado,sim,10/08/2024,07:26,sim,sim
PI,Teresina,Brasil,Não Respondeu,Não respondeu,Não respondeu,Não respondeu,15/03/2024 22:10:00,2º Lote [Estudante],Aprovado,não,Não credenciado,Não credenciado,não,sim
MG,Belo Horizonte,Brasil,Não Respondeu,Graduação,Não respondeu,Não respondeu,03/03/2024 17:09:00,Promocional,Aprovado,sim,09/08/2024,12:02,sim,sim
RN,Natal,Brasil,UNIVERSIDADE FEDERAL DO RIO GRANDE DO NORTE,Graduação,Ciências Exatas e da Terra,Ciência da Computação,Não respondeu,Não respondeu,Pendente,não,Não credenciado,Não credenciado,não,não
Não respondeu,Não respondeu,Brasil,Não Respondeu,Não respondeu,Não respondeu,Não respondeu,06/06/2024 14:13:00,3º Lote Social,Aprovado,sim,10/08/2024,07:21,sim,sim
PI,Teresina,Brasil,Universidade Federal do Piauí,Graduação,Ciências Exatas e da Terra,Ciência da Computação,10/05/2024 14:59:00,3º Lote [Estudante],Aprovado,não,Não credenciado,Não credenciado,não,sim
PI,Teresina,Brasil,UNIVERSIDADE FEDERAL DO PIAUÍ,Graduação,Ciências Exatas e da Terra,Ciência da Computação,Não respondeu,Não respondeu,Pendente,não,Não credenciado,Não credenciado,não,não
Não respondeu,Não respondeu,Brasil,Não Respondeu,Não respondeu,Não respondeu,Não respondeu,16/03/2024 17:29:00,2º Lote [Estudante],Aprovado,não,Não credenciado,Não credenciado,não,sim
Não respondeu,Não respondeu,Brasil,Não Respondeu,Não respondeu,Não respondeu,Não respondeu,06/07/2024 01:04:00,ÚLTIMO LOTE [SOCIAL],Aprovado,sim,10/08/2024,08:59,sim,sim
Não respondeu,Não respondeu,Brasil,Não Respondeu,Não respondeu,Não respondeu,Não respondeu,24/04/2024 22:42:00,3º Lote [Estudante],Aprovado,não,Não credenciado,Não credenciado,não,sim
RN,Natal,Brasil,UNIVERSIDADE FEDERAL DO RIO GRANDE DO NORTE,Especialista/Pós-graduado,Ciências Exatas e da Terra,Ciência da Computação,Não respondeu,Não respondeu,Pendente,não,Não credenciado,Não credenciado,não,não
RN,Natal,Brasil,UNIVERSIDADE FEDERAL DO RIO GRANDE DO NORTE,Graduação,Outra,Outra,26/01/2024 18:36:00,Promocional,Aprovado,sim,09/08/2024,12:02,sim,sim
Não respondeu,Não respondeu,Brasil,Não Respondeu,Não respondeu,Não respondeu,Não respondeu,Não respondeu,Não respondeu,Pendente,não,Não credenciado,Não credenciado,não,não
SP,São Paulo,Brasil,UNIVERSIDADE FEDERAL DO RIO GRANDE DO SUL,Graduação,Ciências Humanas,Sociologia,Não respondeu,Não respondeu,Pendente,não,Não credenciado,Não credenciado,não,não
PI,São Raimundo Nonato,Brasil,FUNDAÇÃO UNIVERSIDADE FEDERAL DO VALE DO SÃO FRANCISCO,Ensino Médio (2° grau),Não respondeu,Não respondeu,01/04/2024 00:30:00,2º Lote [Estudante],Aprovado,não,Não credenciado,Não credenciado,não,sim
PE,Recife,Brasil,Não Respondeu,Não respondeu,Não respondeu,Não respondeu,15/03/2024 12:57:00,Promocional,Aprovado,não,Não credenciado,Não credenciado,não,sim
Não respondeu,Não respondeu,Brasil,Não Respondeu,Não respondeu,Não respondeu,Não respondeu,16/03/2024 00:14:00,2º Lote [Estudante],Aprovado,não,Não credenciado,Não credenciado,não,sim
RN,Natal,Brasil,"IFRN -  Instituto Federal de Educação, Ciência e Tecnologia do Rio Grande do Norte",Técnico,Ciências Exatas e da Terra,Ciência da Computação,15/03/2024 03:08:00,Promocional,Aprovado,sim,10/08/2024,08:55,sim,sim
PB,João Pessoa,Brasil,UNIVERSIDADE FEDERAL DA PARAÍBA,Graduação,Não respondeu,Não respondeu,26/01/2024 12:50:00,Promocional,Aprovado,sim,10/08/2024,07:21,sim,sim
PE,Recife,Brasil,UNIVERSIDADE FEDERAL DE PERNAMBUCO,Graduação,Engenharias,Engenharia Biomédica,06/02/2024 02:40:00,Promocional,Aprovado,sim,18/08/2024,16:14,sim,sim
Não respondeu,Não respondeu,Brasil,Não Respondeu,Não respondeu,Não respondeu,Não respondeu,15/03/2024 18:30:00,2º Lote [Estudante],Aprovado,sim,10/08/2024,07:21,sim,sim
Não respondeu,Não respondeu,Brasil,Não Respondeu,Não respondeu,Não respondeu,Não respondeu,Não respondeu,Não respondeu,Pendente,não,Não credenciado,Não credenciado,não,não
Não respondeu,Não respondeu,Brasil,Não Respondeu,Não respondeu,Não respondeu,Não respondeu,29/05/2024 13:55:00,3º Lote [Estudante],Aprovado,sim,10/08/2024,07:21,sim,sim
Não respondeu,Não respondeu,Brasil,Não Respondeu,Não respondeu,Não respondeu,Não respondeu,24/05/2024 15:41:00,3º Lote inteira,Aprovado,não,Não credenciado,Não credenciado,não,sim
PB,João Pessoa,Brasil,"INSTITUTO FEDERAL DE EDUCAÇÃO, CIÊNCIA E TECNOLOGIA  DA PARAÍBA",Especialista/Pós-graduado,Não respondeu,Não respondeu,15/03/2024 13:02:00,Promocional,Aprovado,sim,09/08/2024,12:02,sim,sim
Não respondeu,Não respondeu,Brasil,Não Respondeu,Não respondeu,Não respondeu,Não respondeu,14/05/2024 17:05:00,3º Lote Social,Aprovado,sim,10/08/2024,07:21,sim,sim
Não respondeu,Não respondeu,Brasil,Não Respondeu,Não respondeu,Não respondeu,Não respondeu,07/07/2024 14:15:00,Promocional,Aprovado,sim,11/08/2024,15:55,sim,sim
Não respondeu,Não respondeu,Brasil,Não Respondeu,Não respondeu,Não respondeu,Não respondeu,07/08/2024 20:41:00,2º Lote [Estudante],Aprovado,sim,10/08/2024,05:53,sim,sim
Não respondeu,Não respondeu,Brasil,Não Respondeu,Não respondeu,Não respondeu,Não respondeu,15/03/2024 18:25:00,2º Lote [Estudante],Aprovado,não,Não credenciado,Não credenciado,não,sim
PE,Recife,Brasil,Não Respondeu,Não respondeu,Não respondeu,Não respondeu,16/03/2024 00:21:00,2º Lote [Estudante],Aprovado,sim,09/08/2024,12:02,sim,sim
Não respondeu,Não respondeu,Brasil,Não Respondeu,Não respondeu,Não respondeu,Não respondeu,10/07/2024 18:45:00,ÚLTIMO LOTE [SOCIAL],Aprovado,sim,10/08/2024,07:21,sim,sim
Não respondeu,Não respondeu,Brasil,Não Respondeu,Não respondeu,Não respondeu,Não respondeu,18/03/2024 13:37:00,2º Lote [Estudante],Aprovado,sim,10/08/2024,07:21,sim,sim
Não respondeu,Não respondeu,Brasil,Não Respondeu,Não respondeu,Não respondeu,Não respondeu,23/01/2024 01:18:00,Promocional,Aprovado,sim,10/08/2024,13:35,sim,sim
PI,Teresina,Brasil,Não Respondeu,Não respondeu,Não respondeu,Não respondeu,31/05/2024 21:37:00,3º Lote Social,Aprovado,sim,10/08/2024,06:02,sim,sim
PI,Altos,Brasil,Não Respondeu,Não respondeu,Não respondeu,Não respondeu,06/06/2024 23:01:00,3º Lote Social,Aprovado,sim,10/08/2024,07:21,sim,sim
Não respondeu,Não respondeu,Brasil,UNIVERSIDADE FEDERAL DO RIO GRANDE DO NORTE,Graduação,Ciências Exatas e da Terra,Ciência da Computação,26/01/2024 21:27:00,Promocional,Aprovado,sim,09/08/2024,12:02,sim,sim
Não respondeu,Não respondeu,Brasil,Não Respondeu,Não respondeu,Não respondeu,Não respondeu,08/07/2024 14:00:00,Promocional,Aprovado,sim,11/08/2024,06:04,sim,sim
Não respondeu,Não respondeu,Brasil,Não Respondeu,Não respondeu,Não respondeu,Não respondeu,15/03/2024 21:08:00,2º Lote [Social],Aprovado,sim,10/08/2024,08:59,sim,sim
PI,Teresina,Brasil,Universidade Federal do Piauí,Graduação,Não respondeu,Não respondeu,Não respondeu,Não respondeu,Pendente,não,Não credenciado,Não credenciado,não,não
Não respondeu,Não respondeu,Brasil,Não Respondeu,Não respondeu,Não respondeu,Não respondeu,Não respondeu,Não respondeu,Pendente,não,Não credenciado,Não credenciado,não,não
Não respondeu,Não respondeu,Brasil,Não Respondeu,Não respondeu,Não respondeu,Não respondeu,10/06/2024 17:37:00,3º Lote Social,Aprovado,sim,10/08/2024,07:21,sim,sim
PE,Recife,Brasil,UNIVERSIDADE FEDERAL DE PERNAMBUCO,Graduação,Ciências Sociais Aplicadas,Direito,29/05/2024 18:41:00,3º Lote [Estudante],Aprovado,sim,10/08/2024,07:21,sim,sim
Não respondeu,Não respondeu,Brasil,Não Respondeu,Não respondeu,Não respondeu,Não respondeu,15/03/2024 18:36:00,2º Lote [Social],Aprovado,não,Não credenciado,Não credenciado,não,sim
Não respondeu,Não respondeu,Brasil,Não Respondeu,Não respondeu,Não respondeu,Não respondeu,19/03/2024 21:16:00,2º Lote [Inteira],Aprovado,sim,10/08/2024,07:21,sim,sim
Não respondeu,Não respondeu,França,Não Respondeu,Não respondeu,Não respondeu,Não respondeu,Não respondeu,Não respondeu,Pendente,não,Não credenciado,Não credenciado,não,não
Não respondeu,Não respondeu,Brasil,Não Respondeu,Não respondeu,Não respondeu,Não respondeu,Não respondeu,Não respondeu,Pendente,não,Não credenciado,Não credenciado,não,não
PI,Teresina,Brasil,UFPI- UNIVERSIDADE FEDERAL DO PIAUÍ,Não respondeu,Não respondeu,Não respondeu,18/05/2024 03:26:00,3º Lote Social,Aprovado,sim,09/08/2024,12:02,sim,sim
PI,Teresina,Brasil,Não Respondeu,Não respondeu,Não respondeu,Não respondeu,Não respondeu,Não respondeu,Pendente,não,Não credenciado,Não credenciado,não,não
Não respondeu,Não respondeu,Brasil,UNIVERSIDADE FEDERAL DO PIAUÍ,Doutorado,Ciências Exatas e da Terra,Ciência da Computação,Não respondeu,Não respondeu,Pendente,não,Não credenciado,Não credenciado,não,não
PB,João Pessoa,Brasil,UNIVERSIDADE FEDERAL DA PARAÍBA,Graduação,Ciências Exatas e da Terra,Ciência da Computação,15/03/2024 12:38:00,Promocional,Aprovado,sim,11/08/2024,06:42,sim,sim
PB,João Pessoa,Brasil,UNIVERSIDADE FEDERAL DA PARAÍBA,Graduação,Não respondeu,Não respondeu,20/05/2024 17:06:00,3º Lote [Estudante],Aprovado,não,Não credenciado,Não credenciado,não,sim
Não respondeu,Não respondeu,Brasil,Não Respondeu,Não respondeu,Não respondeu,Não respondeu,15/03/2024 20:35:00,2º Lote [Estudante],Aprovado,sim,10/08/2024,13:35,sim,sim
Não respondeu,Não respondeu,Brasil,Não Respondeu,Não respondeu,Não respondeu,Não respondeu,15/03/2024 03:03:00,Promocional,Aprovado,sim,09/08/2024,12:02,sim,sim
Não respondeu,Não respondeu,Brasil,Não Respondeu,Não respondeu,Não respondeu,Não respondeu,Não respondeu,Não respondeu,Pendente,não,Não credenciado,Não credenciado,não,não
RN,Mossoró,Brasil,UERN - Universidade do Estado do Rio Grande do Norte - CAMEAM  Pau dos Ferros,Não respondeu,Não respondeu,Não respondeu,05/07/2024 15:18:00,ÚLTIMO LOTE [ESTUDANTE],Aprovado,sim,11/08/2024,14:30,sim,sim
PB,João Pessoa,Brasil,Não Respondeu,Não respondeu,Não respondeu,Não respondeu,Não respondeu,Não respondeu,Pendente,não,Não credenciado,Não credenciado,não,não
Não respondeu,Não respondeu,Brasil,Não Respondeu,Não respondeu,Não respondeu,Não respondeu,08/07/2024 02:02:00,ÚLTIMO LOTE [ESTUDANTE],Aprovado,sim,10/08/2024,07:21,sim,sim
Não respondeu,Não respondeu,Brasil,Não Respondeu,Não respondeu,Não respondeu,Não respondeu,04/07/2024 13:44:00,ÚLTIMO LOTE [ESTUDANTE],Aprovado,sim,09/08/2024,12:02,sim,sim
RN,Natal,Brasil,Não Respondeu,Não respondeu,Não respondeu,Não respondeu,05/03/2024 02:20:00,3º Lote [Estudante],Aprovado,não,Não credenciado,Não credenciado,não,sim
Não respondeu,Não respondeu,Brasil,Não Respondeu,Não respondeu,Não respondeu,Não respondeu,15/03/2024 20:20:00,2º Lote [Estudante],Aprovado,não,Não credenciado,Não credenciado,não,sim
PB,João Pessoa,Brasil,"INSTITUTO FEDERAL DE EDUCAÇÃO, CIÊNCIA E TECNOLOGIA  DA PARAÍBA",Técnico,Não respondeu,Não respondeu,Não respondeu,Não respondeu,Pendente,não,Não credenciado,Não credenciado,não,não
Não respondeu,Não respondeu,Brasil,Não Respondeu,Não respondeu,Não respondeu,Não respondeu,15/03/2024 13:08:00,Promocional,Aprovado,não,Não credenciado,Não credenciado,não,sim
PI,Teresina,Brasil,Universidade Federal do Piauí,Mestrado,Ciências Exatas e da Terra,Ciência da Computação,01/03/2024 14:38:00,ÚLTIMO LOTE [ESTUDANTE],Aprovado,sim,09/08/2024,12:02,sim,sim
Não respondeu,Não respondeu,Brasil,Não Respondeu,Não respondeu,Não respondeu,Não respondeu,Não respondeu,Não respondeu,Pendente,não,Não credenciado,Não credenciado,não,não
PI,Teresina,Brasil,Não Respondeu,Não respondeu,Não respondeu,Não respondeu,04/03/2024 20:09:00,Promocional,Aprovado,sim,10/08/2024,06:02,sim,sim
Não respondeu,Não respondeu,Brasil,Não Respondeu,Não respondeu,Não respondeu,Não respondeu,16/06/2024 14:19:00,ÚLTIMO LOTE [SOCIAL],Aprovado,sim,09/08/2024,04:31,sim,sim
Não respondeu,Não respondeu,Brasil,UNIVERSIDADE FEDERAL DO RIO GRANDE DO NORTE,Não respondeu,Não respondeu,Não respondeu,23/03/2024 21:48:00,2º Lote [Estudante],Aprovado,sim,10/08/2024,07:21,sim,sim
Não respondeu,Não respondeu,Brasil,Não Respondeu,Não respondeu,Não respondeu,Não respondeu,04/07/2024 10:49:00,ÚLTIMO LOTE [ESTUDANTE],Aprovado,sim,09/08/2024,12:02,sim,sim
RN,Natal,Brasil,"INSTITUTO FEDERAL DE EDUCAÇÃO, CIÊNCIA E TECNOLOGIA DO RIO GRANDE DO NORTE",Técnico,Não respondeu,Não respondeu,15/03/2024 03:09:00,Promocional,Aprovado,sim,10/08/2024,08:38,sim,sim
Não respondeu,Não respondeu,Brasil,Não Respondeu,Não respondeu,Não respondeu,Não respondeu,Não respondeu,Não respondeu,Pendente,não,Não credenciado,Não credenciado,não,não
PI,Teresina,Brasil,Não Respondeu,Não respondeu,Não respondeu,Não respondeu,Não respondeu,Não respondeu,Pendente,não,Não credenciado,Não credenciado,não,não
Não respondeu,Não respondeu,Brasil,UNIVERSIDADE NORTE DO PARANÁ,Não respondeu,Não respondeu,Não respondeu,Não respondeu,Não respondeu,Pendente,não,Não credenciado,Não credenciado,não,não
Não respondeu,Não respondeu,Brasil,UNIVERSIDADE FEDERAL DO RIO GRANDE DO NORTE,Graduação,Ciências Exatas e da Terra,Ciência da Computação,07/07/2024 14:39:00,Promocional,Aprovado,sim,09/08/2024,12:02,sim,sim
Não respondeu,Não respondeu,Brasil,UNIVERSIDADE FEDERAL DO PIAUÍ,Graduação,Não respondeu,Não respondeu,Não respondeu,Não respondeu,Pendente,não,Não credenciado,Não credenciado,não,não
PI,Teresina,Brasil,Não Respondeu,Não respondeu,Não respondeu,Não respondeu,Não respondeu,Não respondeu,Pendente,não,Não credenciado,Não credenciado,não,não
PE,Apoti (Glória do Goitá),Brasil,Não Respondeu,Não respondeu,Não respondeu,Não respondeu,15/03/2024 21:50:00,2º Lote [Social],Aprovado,não,Não credenciado,Não credenciado,não,sim
Não respondeu,Não respondeu,Brasil,Não Respondeu,Não respondeu,Não respondeu,Não respondeu,09/08/2024 16:27:00,Promocional,Aprovado,não,Não credenciado,Não credenciado,não,sim
MA,Timon,Brasil,UNIVERSIDADE FEDERAL DO PIAUÍ,Graduação,Outra,Outra,04/05/2024 13:19:00,3º Lote [Estudante],Aprovado,não,Não credenciado,Não credenciado,não,sim
Não respondeu,Não respondeu,Brasil,UFPI,Ensino Médio (2° grau),Não respondeu,Não respondeu,15/03/2024 18:26:00,2º Lote [Estudante],Aprovado,não,Não credenciado,Não credenciado,não,sim
Não respondeu,Não respondeu,Brasil,"INSTITUTO FEDERAL DE EDUCAÇÃO, CIÊNCIA E TECNOLOGIA  DA PARAÍBA",Não respondeu,Não respondeu,Não respondeu,17/03/2024 23:02:00,2º Lote [Estudante],Aprovado,sim,10/08/2024,07:21,sim,sim
Não respondeu,Não respondeu,Brasil,Não Respondeu,Não respondeu,Não respondeu,Não respondeu,Não respondeu,Não respondeu,Pendente,não,Não credenciado,Não credenciado,não,não
Não respondeu,Não respondeu,Brasil,Não Respondeu,Não respondeu,Não respondeu,Não respondeu,11/08/2024 14:38:00,Promocional,Aprovado,sim,11/08/2024,11:39,sim,sim
Não respondeu,Não respondeu,Brasil,Não Respondeu,Não respondeu,Não respondeu,Não respondeu,16/03/2024 11:07:00,2º Lote [Estudante],Aprovado,não,Não credenciado,Não credenciado,não,sim
Não respondeu,Não respondeu,Brasil,Não Respondeu,Não respondeu,Não respondeu,Não respondeu,Não respondeu,Não respondeu,Pendente,não,Não credenciado,Não credenciado,não,não
Não respondeu,Não respondeu,Brasil,Não Respondeu,Não respondeu,Não respondeu,Não respondeu,08/06/2024 20:14:00,3º Lote [Estudante],Aprovado,sim,11/08/2024,06:30,sim,sim
PB,João Pessoa,Brasil,UFMS - Universidade Federal de Mato Grosso do Sul,Doutorado,Ciências Humanas,Educação,Não respondeu,Não respondeu,Pendente,não,Não credenciado,Não credenciado,não,não
Não respondeu,Não respondeu,Brasil,Não Respondeu,Não respondeu,Não respondeu,Não respondeu,15/03/2024 20:29:00,2º Lote [Social],Aprovado,sim,10/08/2024,07:21,sim,sim
Não respondeu,Não respondeu,Brasil,Não Respondeu,Não respondeu,Não respondeu,Não respondeu,Não respondeu,Não respondeu,Pendente,não,Não credenciado,Não credenciado,não,não
BA,Salvador,Brasil,Não Respondeu,Graduação,Não respondeu,Não respondeu,30/05/2024 13:48:00,Promocional,Aprovado,sim,10/08/2024,07:21,sim,sim
Não respondeu,Não respondeu,Brasil,Não Respondeu,Não respondeu,Não respondeu,Não respondeu,16/03/2024 15:03:00,2º Lote [Social],Aprovado,sim,10/08/2024,07:21,sim,sim
Não respondeu,Não respondeu,Brasil,Não Respondeu,Não respondeu,Não respondeu,Não respondeu,07/07/2024 13:36:00,ÚLTIMO LOTE [ESTUDANTE],Aprovado,sim,09/08/2024,12:02,sim,sim
Não respondeu,Não respondeu,Brasil,Não Respondeu,Não respondeu,Não respondeu,Não respondeu,15/03/2024 18:09:00,2º Lote [Estudante],Aprovado,não,Não credenciado,Não credenciado,não,sim
Não respondeu,Não respondeu,Brasil,Não Respondeu,Não respondeu,Não respondeu,Não respondeu,Não respondeu,Não respondeu,Pendente,não,Não credenciado,Não credenciado,não,não
BA,Salvador,Brasil,Não Respondeu,Não respondeu,Não respondeu,Não respondeu,Não respondeu,Não respondeu,Pendente,não,Não credenciado,Não credenciado,não,não
Não respondeu,Não respondeu,Brasil,Não Respondeu,Não respondeu,Não respondeu,Não respondeu,09/08/2024 23:02:00,Promocional,Aprovado,sim,10/08/2024,06:37,sim,sim
RN,Natal,Brasil,Não Respondeu,Não respondeu,Não respondeu,Não respondeu,01/04/2024 12:15:00,2º Lote [Inteira],Aprovado,sim,09/08/2024,12:02,sim,sim
RN,Natal,Brasil,Não Respondeu,Não respondeu,Não respondeu,Não respondeu,Não respondeu,Não respondeu,Pendente,não,Não credenciado,Não credenciado,não,não
RN,Natal,Brasil,UNIVERSIDADE FEDERAL DO RIO GRANDE DO NORTE,Não respondeu,Não respondeu,Não respondeu,05/02/2024 17:25:00,2º Lote [Estudante],Aprovado,sim,09/08/2024,12:02,sim,sim
PE,São Lourenço da Mata,Brasil,Não Respondeu,Não respondeu,Não respondeu,Não respondeu,Não respondeu,Não respondeu,Pendente,não,Não credenciado,Não credenciado,não,não
TO,Palmas,Brasil,Não Respondeu,Não respondeu,Não respondeu,Não respondeu,04/03/2024 19:06:00,Promocional,Aprovado,sim,10/08/2024,05:48,sim,sim
PE,Recife,Brasil,Não Respondeu,Não respondeu,Não respondeu,Não respondeu,04/03/2024 20:36:00,3º Lote [Estudante],Aprovado,sim,10/08/2024,07:21,sim,sim
PI,Teresina,Brasil,UNIVERSIDADE FEDERAL DO PIAUÍ,Graduação,Não respondeu,Não respondeu,Não respondeu,Não respondeu,Pendente,não,Não credenciado,Não credenciado,não,não
Não respondeu,Não respondeu,Brasil,Não Respondeu,Não respondeu,Não respondeu,Não respondeu,Não respondeu,Não respondeu,Pendente,não,Não credenciado,Não credenciado,não,não
Não respondeu,Não respondeu,Brasil,Não Respondeu,Não respondeu,Não respondeu,Não respondeu,20/06/2024 18:29:00,ÚLTIMO LOTE [ESTUDANTE],Aprovado,não,Não credenciado,Não credenciado,não,sim
Não respondeu,Não respondeu,Brasil,Não Respondeu,Não respondeu,Não respondeu,Não respondeu,Não respondeu,Não respondeu,Pendente,não,Não credenciado,Não credenciado,não,não
PB,João Pessoa,Brasil,Não Respondeu,Não respondeu,Não respondeu,Não respondeu,Não respondeu,Não respondeu,Pendente,não,Não credenciado,Não credenciado,não,não
PE,Recife,Brasil,Não Respondeu,Não respondeu,Não respondeu,Não respondeu,Não respondeu,Não respondeu,Pendente,não,Não credenciado,Não credenciado,não,não
Não respondeu,Não respondeu,Brasil,Não Respondeu,Não respondeu,Não respondeu,Não respondeu,06/06/2024 14:11:00,3º Lote Social,Aprovado,sim,10/08/2024,07:21,sim,sim
PI,São Raimundo Nonato,Brasil,"INSTITUTO FEDERAL DE EDUCAÇÃO, CIÊNCIA E TECNOLOGIA DO PIAUÍ",Técnico,Ciências Exatas e da Terra,Ciência da Computação,Não respondeu,Não respondeu,Pendente,não,Não credenciado,Não credenciado,não,não
CE,São Gonçalo do Amarante,Brasil,Não Respondeu,Graduação,Não respondeu,Não respondeu,Não respondeu,Não respondeu,Pendente,não,Não credenciado,Não credenciado,não,não
PE,Recife,Brasil,Não Respondeu,Não respondeu,Não respondeu,Não respondeu,26/01/2024 20:41:00,Promocional,Aprovado,sim,10/08/2024,06:16,sim,sim
Não respondeu,Não respondeu,Brasil,Não Respondeu,Não respondeu,Não respondeu,Não respondeu,08/04/2024 21:10:00,3º Lote [Estudante],Aprovado,não,Não credenciado,Não credenciado,não,sim
Não respondeu,Não respondeu,Brasil,Não Respondeu,Não respondeu,Não respondeu,Não respondeu,01/08/2024 18:43:00,2º Lote [Social],Aprovado,sim,10/08/2024,07:21,sim,sim
Não respondeu,Não respondeu,Brasil,Não Respondeu,Não respondeu,Não respondeu,Não respondeu,02/07/2024 19:22:00,ÚLTIMO LOTE [ESTUDANTE],Aprovado,sim,10/08/2024,07:21,sim,sim
Não respondeu,Não respondeu,Brasil,Não Respondeu,Não respondeu,Não respondeu,Não respondeu,01/07/2024 22:07:00,ÚLTIMO LOTE [SOCIAL],Aprovado,sim,10/08/2024,05:57,sim,sim
PB,Campina Grande,Brasil,FUNDAÇÃO UNIVERSIDADE FEDERAL DO VALE DO SÃO FRANCISCO,Graduação,Não respondeu,Não respondeu,05/07/2024 15:01:00,ÚLTIMO LOTE [ESTUDANTE],Aprovado,sim,09/08/2024,12:02,sim,sim
Não respondeu,Não respondeu,Brasil,Não Respondeu,Não respondeu,Não respondeu,Não respondeu,08/06/2024 14:11:00,Promocional,Aprovado,sim,09/08/2024,07:33,sim,sim
Não respondeu,Não respondeu,Brasil,Não Respondeu,Não respondeu,Não respondeu,Não respondeu,19/06/2024 17:05:00,ÚLTIMO LOTE [SOCIAL],Aprovado,sim,10/08/2024,07:21,sim,sim
PE,Recife,Brasil,Não Respondeu,Não respondeu,Não respondeu,Não respondeu,24/05/2024 12:01:00,Promocional,Aprovado,sim,09/08/2024,12:02,sim,sim
PI,Teresina,Brasil,IFPI - INSTITUTO FEDERAL DO PIAUÍ - CAMPUS TERESINA CENTRAL,Técnico,Engenharias,Engenharia Elétrica,Não respondeu,Não respondeu,Pendente,não,Não credenciado,Não credenciado,não,não
Não respondeu,Não respondeu,Brasil,Não Respondeu,Não respondeu,Não respondeu,Não respondeu,02/04/2024 14:32:00,3º Lote Social,Aprovado,não,Não credenciado,Não credenciado,não,sim
SP,São Paulo,Brasil,Não Respondeu,Não respondeu,Não respondeu,Não respondeu,31/03/2024 23:33:00,2º Lote [Inteira],Aprovado,não,Não credenciado,Não credenciado,não,sim
RN,Natal,Brasil,Não Respondeu,Não respondeu,Não respondeu,Não respondeu,10/06/2024 18:14:00,3º Lote [Estudante],Aprovado,não,Não credenciado,Não credenciado,não,sim
Não respondeu,Não respondeu,Brasil,Não Respondeu,Não respondeu,Não respondeu,Não respondeu,28/06/2024 16:55:00,ÚLTIMO LOTE [ESTUDANTE],Aprovado,sim,10/08/2024,07:21,sim,sim
BA,Salvador,Brasil,Não Respondeu,Não respondeu,Não respondeu,Não respondeu,08/05/2024 14:35:00,3º Lote inteira,Aprovado,sim,09/08/2024,12:02,sim,sim
Não respondeu,Não respondeu,Brasil,Não Respondeu,Não respondeu,Não respondeu,Não respondeu,Não respondeu,Não respondeu,Pendente,não,Não credenciado,Não credenciado,não,não
RN,Mossoró,Brasil,"INSTITUTO FEDERAL DE EDUCAÇÃO, CIÊNCIA E TECNOLOGIA DO RIO GRANDE DO NORTE",Técnico,Não respondeu,Não respondeu,05/07/2024 22:34:00,Promocional,Aprovado,sim,09/08/2024,12:02,sim,sim
RN,Natal,Brasil,Não Respondeu,Não respondeu,Não respondeu,Não respondeu,17/06/2024 13:49:00,ÚLTIMO LOTE [ESTUDANTE],Aprovado,sim,10/08/2024,07:21,sim,sim
Não respondeu,Não respondeu,Brasil,Não Respondeu,Não respondeu,Não respondeu,Não respondeu,28/04/2024 17:41:00,3º Lote [Estudante],Aprovado,sim,10/08/2024,08:14,sim,sim
CE,Juazeiro do Norte,Brasil,Não Respondeu,Não respondeu,Não respondeu,Não respondeu,03/06/2024 22:51:00,3º Lote inteira,Aprovado,sim,09/08/2024,12:02,sim,sim
Não respondeu,Não respondeu,Brasil,Não Respondeu,Não respondeu,Não respondeu,Não respondeu,30/05/2024 13:48:00,Promocional,Aprovado,sim,09/08/2024,12:02,sim,sim
PE,Recife,Brasil,Não Respondeu,Não respondeu,Não respondeu,Não respondeu,04/06/2024 16:19:00,3º Lote [Estudante],Aprovado,não,Não credenciado,Não credenciado,não,sim
Não respondeu,Não respondeu,Brasil,Não Respondeu,Não respondeu,Não respondeu,Não respondeu,05/07/2024 14:05:00,ÚLTIMO LOTE [SOCIAL],Aprovado,não,Não credenciado,Não credenciado,não,sim
SC,Florianópolis,Brasil,Não Respondeu,Não respondeu,Não respondeu,Não respondeu,15/03/2024 12:14:00,Promocional,Aprovado,sim,10/08/2024,07:21,sim,sim
PB,Cabedelo,Brasil,Não Respondeu,Não respondeu,Não respondeu,Não respondeu,23/03/2024 16:14:00,2º Lote [Estudante],Aprovado,sim,10/08/2024,07:21,sim,sim
Não respondeu,Não respondeu,Brasil,Não Respondeu,Não respondeu,Não respondeu,Não respondeu,Não respondeu,Não respondeu,Pendente,não,Não credenciado,Não credenciado,não,não
Não respondeu,Não respondeu,Brasil,Não Respondeu,Não respondeu,Não respondeu,Não respondeu,15/03/2024 11:31:00,Promocional,Aprovado,sim,11/08/2024,15:55,sim,sim
RJ,Rio de Janeiro,Brasil,Não Respondeu,Não respondeu,Não respondeu,Não respondeu,Não respondeu,Não respondeu,Pendente,não,Não credenciado,Não credenciado,não,não
RN,Mossoró,Brasil,Não Respondeu,Não respondeu,Não respondeu,Não respondeu,05/03/2024 01:29:00,ÚLTIMO LOTE [ESTUDANTE],Aprovado,sim,10/08/2024,07:21,sim,sim
CE,Fortaleza,Brasil,Não Respondeu,Não respondeu,Não respondeu,Não respondeu,20/02/2024 19:49:00,Promocional,Aprovado,sim,10/08/2024,07:21,sim,sim
Não respondeu,Não respondeu,Brasil,Não Respondeu,Não respondeu,Não respondeu,Não respondeu,Não respondeu,Não respondeu,Pendente,não,Não credenciado,Não credenciado,não,não
PB,Campina Grande,Brasil,UNIVERSIDADE FEDERAL DE CAMPINA GRANDE,Não respondeu,Não respondeu,Não respondeu,Não respondeu,Não respondeu,Pendente,não,Não credenciado,Não credenciado,não,não
Não respondeu,Não respondeu,Brasil,CENTRO UNIVERSITÁRIO DE JOÃO PESSOA,Graduação,Não respondeu,Não respondeu,24/02/2024 19:01:00,2º Lote [Estudante],Aprovado,não,Não credenciado,Não credenciado,não,sim
Não respondeu,Não respondeu,Brasil,Não Respondeu,Não respondeu,Não respondeu,Não respondeu,15/03/2024 18:27:00,2º Lote [Social],Aprovado,não,Não credenciado,Não credenciado,não,sim
Não respondeu,Não respondeu,Brasil,Não Respondeu,Não respondeu,Não respondeu,Não respondeu,03/07/2024 19:12:00,ÚLTIMO LOTE [ESTUDANTE],Aprovado,sim,09/08/2024,12:02,sim,sim
Não respondeu,Não respondeu,Brasil,Não Respondeu,Não respondeu,Não respondeu,Não respondeu,07/07/2024 15:42:00,ÚLTIMO LOTE [SOCIAL],Aprovado,sim,10/08/2024,07:21,sim,sim
Não respondeu,Não respondeu,Brasil,Não Respondeu,Não respondeu,Não respondeu,Não respondeu,Não respondeu,Não respondeu,Pendente,não,Não credenciado,Não credenciado,não,não
Não respondeu,Não respondeu,Brasil,Não Respondeu,Não respondeu,Não respondeu,Não respondeu,Não respondeu,Não respondeu,Pendente,não,Não credenciado,Não credenciado,não,não
Não respondeu,Não respondeu,Brasil,Não Respondeu,Não respondeu,Não respondeu,Não respondeu,15/07/2024 15:43:00,Promocional,Aprovado,sim,09/08/2024,12:02,sim,sim
PB,Campina Grande,Brasil,Não Respondeu,Não respondeu,Não respondeu,Não respondeu,04/03/2024 20:08:00,Promocional,Aprovado,sim,10/08/2024,07:14,sim,sim
Não respondeu,Não respondeu,Brasil,Não Respondeu,Não respondeu,Não respondeu,Não respondeu,15/03/2024 19:41:00,2º Lote [Social],Aprovado,não,Não credenciado,Não credenciado,não,sim
PI,Teresina,Brasil,Não Respondeu,Não respondeu,Não respondeu,Não respondeu,Não respondeu,Não respondeu,Pendente,não,Não credenciado,Não credenciado,não,não
Não respondeu,Não respondeu,Brasil,Não Respondeu,Não respondeu,Não respondeu,Não respondeu,Não respondeu,Não respondeu,Pendente,não,Não credenciado,Não credenciado,não,não
RN,Mossoró,Brasil,"INSTITUTO FEDERAL DE EDUCAÇÃO, CIÊNCIA E TECNOLOGIA DO RIO GRANDE DO NORTE",Ensino Médio (2° grau),Não respondeu,Não respondeu,Não respondeu,Não respondeu,Pendente,não,Não credenciado,Não credenciado,não,não
Não respondeu,Não respondeu,Brasil,Não Respondeu,Não respondeu,Não respondeu,Não respondeu,13/06/2024 17:02:00,3º Lote Social,Aprovado,sim,09/08/2024,04:31,sim,sim
Não respondeu,Não respondeu,Brasil,Não Respondeu,Não respondeu,Não respondeu,Não respondeu,11/08/2024 13:05:00,Promocional,Aprovado,sim,11/08/2024,10:07,sim,sim
RN,Natal,Brasil,UNIVERSIDADE FEDERAL DO RIO GRANDE DO NORTE,Graduação,Engenharias,Engenharia da Computação,06/07/2024 20:51:00,ÚLTIMO LOTE [ESTUDANTE],Aprovado,sim,23/09/2024,16:36,sim,sim
SP,Americana,Brasil,Não Respondeu,Não respondeu,Não respondeu,Não respondeu,01/08/2024 17:09:00,Promocional,Aprovado,sim,10/08/2024,06:55,sim,sim
Não respondeu,Não respondeu,Brasil,Não Respondeu,Não respondeu,Não respondeu,Não respondeu,05/08/2024 17:33:00,Promocional,Aprovado,não,Não credenciado,Não credenciado,não,sim
Não respondeu,Não respondeu,Brasil,Não Respondeu,Não respondeu,Não respondeu,Não respondeu,26/03/2024 02:48:00,3º Lote [Estudante],Aprovado,sim,10/08/2024,11:42,sim,sim
Não respondeu,Não respondeu,Brasil,Não Respondeu,Não respondeu,Não respondeu,Não respondeu,Não respondeu,Não respondeu,Pendente,não,Não credenciado,Não credenciado,não,não
RN,Alto do Rodrigues,Brasil,UNIVERSIDADE DO ESTADO DO RIO GRANDE DO NORTE,Graduação,Ciências Exatas e da Terra,Ciência da Computação,03/07/2024 19:08:00,ÚLTIMO LOTE [ESTUDANTE],Aprovado,sim,09/08/2024,12:02,sim,sim
Não respondeu,Não respondeu,Brasil,UNIVERSIDADE FEDERAL DO PIAUÍ,Graduação,Não respondeu,Não respondeu,03/07/2024 02:27:00,ÚLTIMO LOTE [ESTUDANTE],Aprovado,não,Não credenciado,Não credenciado,não,sim
CE,Juazeiro do Norte,Brasil,Não Respondeu,Ensino Médio (2° grau),Não respondeu,Não respondeu,Não respondeu,Não respondeu,Pendente,não,Não credenciado,Não credenciado,não,não
Não respondeu,Não respondeu,Brasil,Não Respondeu,Não respondeu,Não respondeu,Não respondeu,10/07/2024 15:21:00,ÚLTIMO LOTE [ESTUDANTE],Aprovado,sim,10/08/2024,07:21,sim,sim
Não respondeu,Não respondeu,Brasil,Não Respondeu,Não respondeu,Não respondeu,Não respondeu,18/03/2024 00:17:00,2º Lote [Estudante],Aprovado,sim,09/08/2024,12:02,sim,sim
CE,Sobral,Brasil,UNIVERSIDADE FEDERAL DO CEARÁ,Graduação,Não respondeu,Não respondeu,29/02/2024 01:27:00,2º Lote [Estudante],Aprovado,não,Não credenciado,Não credenciado,não,sim
Não respondeu,Não respondeu,Brasil,Não Respondeu,Não respondeu,Não respondeu,Não respondeu,30/07/2024 19:59:00,3º Lote [Estudante],Aprovado,sim,09/08/2024,12:02,sim,sim
PB,João Pessoa,Brasil,Não Respondeu,Não respondeu,Não respondeu,Não respondeu,Não respondeu,Não respondeu,Pendente,não,Não credenciado,Não credenciado,não,não
Não respondeu,Não respondeu,Brasil,Não Respondeu,Não respondeu,Não respondeu,Não respondeu,16/04/2024 14:32:00,3º Lote [Estudante],Aprovado,sim,10/08/2024,08:38,sim,sim
RN,Natal,Brasil,Não Respondeu,Não respondeu,Não respondeu,Não respondeu,15/03/2024 12:00:00,2º Lote [Social],Aprovado,sim,10/08/2024,07:21,sim,sim
Não respondeu,Não respondeu,Brasil,Não Respondeu,Não respondeu,Não respondeu,Não respondeu,04/07/2024 10:44:00,ÚLTIMO LOTE [ESTUDANTE],Aprovado,sim,09/08/2024,12:02,sim,sim
SP,Ferraz de Vasconcelos,Brasil,Não Respondeu,Não respondeu,Não respondeu,Não respondeu,Não respondeu,Não respondeu,Pendente,não,Não credenciado,Não credenciado,não,não
Não respondeu,Não respondeu,Brasil,Não Respondeu,Não respondeu,Não respondeu,Não respondeu,Não respondeu,Não respondeu,Pendente,não,Não credenciado,Não credenciado,não,não
Não respondeu,Não respondeu,Brasil,Não Respondeu,Não respondeu,Não respondeu,Não respondeu,09/07/2024 14:53:00,Promocional,Aprovado,sim,11/08/2024,09:21,sim,sim
Não respondeu,Não respondeu,Brasil,"INSTITUTO FEDERAL DE EDUCAÇÃO, CIÊNCIA E TECNOLOGIA DO RIO GRANDE DO NORTE",Graduação,Outra,Outra,13/06/2024 14:51:00,3º Lote Social,Aprovado,sim,10/08/2024,07:21,sim,sim
RN,Parnamirim,Brasil,FACULDADE DE INFORMÁTICA E ADMINISTRAÇÃO PAULISTA,Graduação,Outra,Outra,10/08/2024 17:36:00,Promocional,Aprovado,sim,10/08/2024,17:45,sim,sim
Não respondeu,Não respondeu,Brasil,UNIVERSIDADE FEDERAL DA BAHIA,Graduação,Engenharias,Engenharia de Controle e Automação,05/06/2024 19:32:00,3º Lote Social,Aprovado,sim,09/08/2024,12:02,sim,sim
RN,Natal,Brasil,UNIVERSIDADE FEDERAL DO RIO GRANDE DO NORTE,Graduação,Ciências Exatas e da Terra,Física,30/07/2024 20:00:00,ÚLTIMO LOTE [ESTUDANTE],Aprovado,sim,09/08/2024,12:02,sim,sim
Não respondeu,Não respondeu,Brasil,Não Respondeu,Não respondeu,Não respondeu,Não respondeu,25/06/2024 23:25:00,ÚLTIMO LOTE [ESTUDANTE],Aprovado,sim,10/08/2024,05:57,sim,sim
Não respondeu,Não respondeu,Brasil,UNIVERSIDADE FEDERAL DO RIO GRANDE DO NORTE,Não respondeu,Não respondeu,Não respondeu,15/03/2024 03:04:00,Promocional,Aprovado,sim,09/08/2024,12:02,sim,sim
Não respondeu,Não respondeu,Brasil,"IFMA - INSTITUTO FEDERAL DE EDUCACAO, CIENCIA E TECNOLOGIA DO MARANHAO CAMPUS CAXIAS",Técnico,Ciências Exatas e da Terra,Ciência da Computação,19/06/2024 16:25:00,ÚLTIMO LOTE [SOCIAL],Aprovado,sim,10/08/2024,07:14,sim,sim
PE,Recife,Brasil,Não Respondeu,Não respondeu,Não respondeu,Não respondeu,06/06/2024 02:48:00,Promocional,Aprovado,sim,10/08/2024,07:21,sim,sim
Não respondeu,Não respondeu,Brasil,Não Respondeu,Não respondeu,Não respondeu,Não respondeu,18/03/2024 10:40:00,2º Lote [Estudante],Aprovado,sim,10/08/2024,13:35,sim,sim
RN,Natal,Brasil,Não Respondeu,Graduação,Não respondeu,Não respondeu,03/04/2024 18:46:00,3º Lote [Estudante],Aprovado,sim,10/08/2024,07:21,sim,sim
Não respondeu,Não respondeu,Brasil,UNIVERSIDADE FEDERAL RURAL DO SEMI-ÁRIDO,Não respondeu,Não respondeu,Não respondeu,08/07/2024 02:45:00,ÚLTIMO LOTE [ESTUDANTE],Aprovado,não,Não credenciado,Não credenciado,não,sim
Não respondeu,Não respondeu,Brasil,Não Respondeu,Não respondeu,Não respondeu,Não respondeu,Não respondeu,Não respondeu,Pendente,não,Não credenciado,Não credenciado,não,não
RN,Natal,Brasil,UNIVERSIDADE FEDERAL DO RIO GRANDE DO NORTE,Graduação,Não respondeu,Não respondeu,04/08/2024 21:20:00,Promocional,Aprovado,sim,10/08/2024,05:43,sim,sim
RN,Natal,Brasil,Não Respondeu,Não respondeu,Não respondeu,Não respondeu,23/01/2024 01:17:00,Promocional,Aprovado,sim,11/08/2024,15:55,sim,sim
Não respondeu,Não respondeu,Brasil,Não Respondeu,Não respondeu,Não respondeu,Não respondeu,26/03/2024 10:46:00,2º Lote [Estudante],Aprovado,não,Não credenciado,Não credenciado,não,sim
Não respondeu,Não respondeu,Brasil,Não Respondeu,Não respondeu,Não respondeu,Não respondeu,15/03/2024 19:46:00,2º Lote [Social],Aprovado,não,Não credenciado,Não credenciado,não,sim
Não respondeu,Não respondeu,Brasil,Não Respondeu,Não respondeu,Não respondeu,Não respondeu,Não respondeu,Não respondeu,Pendente,não,Não credenciado,Não credenciado,não,não
SC,Florianópolis,Brasil,Não Respondeu,Não respondeu,Não respondeu,Não respondeu,Não respondeu,Não respondeu,Pendente,não,Não credenciado,Não credenciado,não,não
Não respondeu,Não respondeu,Brasil,Não Respondeu,Não respondeu,Não respondeu,Não respondeu,22/04/2024 12:00:00,3º Lote Social,Aprovado,sim,09/08/2024,12:02,sim,sim
RN,Natal,Brasil,IFRN/CNAT E UFRN - UNIVERSIDADE FEDERAL DO RIO GRANDE DO NORTE,Graduação,Não respondeu,Não respondeu,14/05/2024 10:24:00,3º Lote [Estudante],Aprovado,sim,10/08/2024,06:02,sim,sim
RN,Mossoró,Brasil,UNIVERSIDADE DO ESTADO DO RIO GRANDE DO NORTE,Doutorado,Não respondeu,Não respondeu,10/07/2024 15:23:00,ÚLTIMO LOTE [ESTUDANTE],Aprovado,sim,09/08/2024,12:02,sim,sim
Não respondeu,Não respondeu,Brasil,UFCA,Mestrado,Não respondeu,Não respondeu,03/06/2024 11:28:00,3º Lote Social,Aprovado,não,Não credenciado,Não credenciado,não,sim
Não respondeu,Não respondeu,Brasil,UNIVERSIDADE FEDERAL DE PERNAMBUCO,Graduação,Ciências Exatas e da Terra,Ciência da Computação,10/06/2024 17:48:00,3º Lote Social,Aprovado,sim,10/08/2024,07:21,sim,sim
PI,São Raimundo Nonato,Brasil,"INSTITUTO FEDERAL DE EDUCAÇÃO, CIÊNCIA E TECNOLOGIA DO PIAUÍ",Não respondeu,Não respondeu,Não respondeu,01/04/2024 01:48:00,2º Lote [Estudante],Aprovado,não,Não credenciado,Não credenciado,não,sim
Não respondeu,Não respondeu,Brasil,Não Respondeu,Não respondeu,Não respondeu,Não respondeu,Não respondeu,Não respondeu,Pendente,não,Não credenciado,Não credenciado,não,não
PB,Campina Grande,Brasil,Não Respondeu,Não respondeu,Não respondeu,Não respondeu,23/02/2024 15:42:00,Promocional,Aprovado,sim,10/08/2024,07:21,sim,sim
AL,Maceió,Brasil,Não Respondeu,Não respondeu,Não respondeu,Não respondeu,15/03/2024 18:23:00,2º Lote [Estudante],Aprovado,sim,09/08/2024,12:02,sim,sim
Não respondeu,Não respondeu,Brasil,Não Respondeu,Não respondeu,Não respondeu,Não respondeu,24/03/2024 03:51:00,2º Lote [Estudante],Aprovado,não,Não credenciado,Não credenciado,não,sim
RN,Mossoró,Brasil,Universidade do Estado do rio Grande do Norte,Não respondeu,Não respondeu,Não respondeu,04/07/2024 16:27:00,ÚLTIMO LOTE [ESTUDANTE],Aprovado,sim,09/08/2024,12:02,sim,sim
RN,Mossoró,Brasil,Universidade do Estado do rio Grande do Norte,Não respondeu,Não respondeu,Não respondeu,28/06/2024 12:47:00,ÚLTIMO LOTE [ESTUDANTE],Aprovado,sim,10/08/2024,08:55,sim,sim
DF,Brasília,Brasil,UNIVERSIDADE DE BRASÍLIA,Graduação,Não respondeu,Não respondeu,Não respondeu,Não respondeu,Pendente,não,Não credenciado,Não credenciado,não,não
PB,João Pessoa,Brasil,Não Respondeu,Não respondeu,Não respondeu,Não respondeu,Não respondeu,Não respondeu,Pendente,não,Não credenciado,Não credenciado,não,não
Não respondeu,Não respondeu,Brasil,Não Respondeu,Não respondeu,Não respondeu,Não respondeu,19/03/2024 11:01:00,2º Lote [Estudante],Aprovado,sim,10/08/2024,08:39,sim,sim
Não respondeu,Não respondeu,Brasil,Não Respondeu,Não respondeu,Não respondeu,Não respondeu,02/04/2024 01:13:00,2º Lote [Estudante],Aprovado,sim,10/08/2024,07:21,sim,sim
Não respondeu,Não respondeu,Brasil,Não Respondeu,Não respondeu,Não respondeu,Não respondeu,06/07/2024 21:59:00,ÚLTIMO LOTE [ESTUDANTE],Aprovado,sim,11/08/2024,12:34,sim,sim
CE,Fortaleza,Brasil,UFC,Graduação,Não respondeu,Não respondeu,04/03/2024 15:05:00,Promocional,Aprovado,não,Não credenciado,Não credenciado,não,sim
Não respondeu,Não respondeu,Brasil,Não Respondeu,Não respondeu,Não respondeu,Não respondeu,15/03/2024 18:27:00,2º Lote [Estudante],Aprovado,não,Não credenciado,Não credenciado,não,sim
Não respondeu,Não respondeu,Brasil,Não Respondeu,Não respondeu,Não respondeu,Não respondeu,Não respondeu,Não respondeu,Pendente,não,Não credenciado,Não credenciado,não,não
RN,Natal,Brasil,Não Respondeu,Não respondeu,Não respondeu,Não respondeu,03/03/2024 11:49:00,Promocional,Aprovado,sim,10/08/2024,13:35,sim,sim
Não respondeu,Não respondeu,Brasil,Não Respondeu,Não respondeu,Não respondeu,Não respondeu,07/07/2024 17:45:00,ÚLTIMO LOTE [SOCIAL],Aprovado,não,Não credenciado,Não credenciado,não,sim
Não respondeu,Não respondeu,Brasil,Não Respondeu,Não respondeu,Não respondeu,Não respondeu,Não respondeu,Não respondeu,Pendente,não,Não credenciado,Não credenciado,não,não
Não respondeu,Não respondeu,Brasil,Não Respondeu,Não respondeu,Não respondeu,Não respondeu,Não respondeu,Não respondeu,Pendente,não,Não credenciado,Não credenciado,não,não
PI,Teresina,Brasil,UNIVERSIDADE FEDERAL DO PIAUÍ,Graduação,Não respondeu,Não respondeu,Não respondeu,Não respondeu,Pendente,não,Não credenciado,Não credenciado,não,não
Não respondeu,Não respondeu,Brasil,Não Respondeu,Não respondeu,Não respondeu,Não respondeu,11/04/2024 22:40:00,3º Lote inteira,Aprovado,sim,10/08/2024,05:53,sim,sim
Não respondeu,Não respondeu,Brasil,Não Respondeu,Não respondeu,Não respondeu,Não respondeu,Não respondeu,Não respondeu,Pendente,não,Não credenciado,Não credenciado,não,não
Não respondeu,Não respondeu,Brasil,Não Respondeu,Graduação,Engenharias,Engenharia da Computação,15/03/2024 18:30:00,2º Lote [Social],Aprovado,não,Não credenciado,Não credenciado,não,sim
Não respondeu,Não respondeu,Brasil,Não Respondeu,Não respondeu,Não respondeu,Não respondeu,10/07/2024 16:40:00,ÚLTIMO LOTE [ESTUDANTE],Aprovado,não,Não credenciado,Não credenciado,não,sim
Não respondeu,Não respondeu,Brasil,Não Respondeu,Não respondeu,Não respondeu,Não respondeu,07/08/2024 16:44:00,ÚLTIMO LOTE [SOCIAL],Aprovado,sim,10/08/2024,05:53,sim,sim
Não respondeu,Não respondeu,Brasil,Não Respondeu,Não respondeu,Não respondeu,Não respondeu,20/07/2024 21:50:00,Promocional,Aprovado,sim,18/08/2024,16:10,sim,sim
Não respondeu,Não respondeu,Brasil,Não Respondeu,Não respondeu,Não respondeu,Não respondeu,15/03/2024 12:58:00,Promocional,Aprovado,não,Não credenciado,Não credenciado,não,sim
PB,Campina Grande,Brasil,UNIVERSIDADE ESTADUAL DA PARAÍBA,Não respondeu,Ciências Exatas e da Terra,Ciência da Computação,15/03/2024 21:50:00,2º Lote [Estudante],Aprovado,não,Não credenciado,Não credenciado,não,sim
RN,Parnamirim,Brasil,UNIVERSIDADE FEDERAL DO RIO GRANDE DO NORTE,Graduação,Não respondeu,Não respondeu,04/06/2024 17:33:00,Promocional,Aprovado,não,Não credenciado,Não credenciado,não,sim
PB,João Pessoa,Brasil,"INSTITUTO FEDERAL DE EDUCAÇÃO, CIÊNCIA E TECNOLOGIA DE GOIÁS",Graduação,Não respondeu,Não respondeu,15/03/2024 17:23:00,2º Lote [Social],Aprovado,sim,09/08/2024,12:02,sim,sim
PE,Recife,Brasil,UPE,Mestrado,Engenharias,Engenharia da Computação,16/03/2024 00:41:00,2º Lote [Estudante],Aprovado,sim,24/09/2024,13:55,sim,sim
PE,Recife,Brasil,UNIVERSIDADE ESTÁCIO DE SÁ,Graduação,Outra,Outra,Não respondeu,Não respondeu,Pendente,não,Não credenciado,Não credenciado,não,não
Não respondeu,Não respondeu,Brasil,Não Respondeu,Não respondeu,Não respondeu,Não respondeu,06/07/2024 20:41:00,ÚLTIMO LOTE [ESTUDANTE],Aprovado,sim,09/08/2024,12:02,sim,sim
AL,Maceió,Brasil,"INSTITUTO FEDERAL DE EDUCAÇÃO, CIÊNCIA E TECNOLOGIA DE ALAGOAS",Graduação,Outra,Outra,15/03/2024 14:09:00,2º Lote [Estudante],Aprovado,sim,10/08/2024,07:21,sim,sim
Não respondeu,Não respondeu,Brasil,Não Respondeu,Não respondeu,Não respondeu,Não respondeu,07/07/2024 14:19:00,Promocional,Aprovado,sim,10/08/2024,13:35,sim,sim
Não respondeu,Não respondeu,Brasil,Não Respondeu,Não respondeu,Não respondeu,Não respondeu,15/03/2024 14:37:00,Promocional,Aprovado,sim,09/08/2024,12:02,sim,sim
Não respondeu,Não respondeu,Brasil,Não Respondeu,Não respondeu,Não respondeu,Não respondeu,07/07/2024 03:35:00,ÚLTIMO LOTE [SOCIAL],Aprovado,sim,10/08/2024,07:21,sim,sim
Não respondeu,Não respondeu,Brasil,Não Respondeu,Não respondeu,Não respondeu,Não respondeu,15/03/2024 21:25:00,2º Lote [Social],Aprovado,não,Não credenciado,Não credenciado,não,sim
Não respondeu,Não respondeu,Brasil,Não Respondeu,Não respondeu,Não respondeu,Não respondeu,Não respondeu,Não respondeu,Pendente,não,Não credenciado,Não credenciado,não,não
PI,Parnaíba,Brasil,UNINASSAU,Não respondeu,Não respondeu,Não respondeu,25/06/2024 18:48:00,Promocional,Aprovado,não,Não credenciado,Não credenciado,não,sim
Não respondeu,Não respondeu,Brasil,Não Respondeu,Não respondeu,Não respondeu,Não respondeu,04/07/2024 21:26:00,ÚLTIMO LOTE [ESTUDANTE],Aprovado,sim,10/08/2024,07:21,sim,sim
Não respondeu,Não respondeu,Brasil,Não Respondeu,Não respondeu,Não respondeu,Não respondeu,Não respondeu,Não respondeu,Pendente,não,Não credenciado,Não credenciado,não,não
Não respondeu,Não respondeu,Brasil,INSTITUTO DE EDUCAÇÃO SUPERIOR DA PARAÍBA,Não respondeu,Não respondeu,Não respondeu,20/03/2024 10:24:00,2º Lote [Estudante],Aprovado,sim,09/08/2024,12:02,sim,sim
SP,São Paulo,Brasil,Fatec Zona Sul,Graduação,Não respondeu,Não respondeu,20/06/2024 20:06:00,ÚLTIMO LOTE [SOCIAL],Aprovado,não,Não credenciado,Não credenciado,não,sim
Não respondeu,Não respondeu,Brasil,UNIVERSIDADE FEDERAL DO RIO GRANDE DO NORTE,Não respondeu,Não respondeu,Não respondeu,Não respondeu,Não respondeu,Pendente,não,Não credenciado,Não credenciado,não,não
Não respondeu,Não respondeu,Brasil,Não Respondeu,Não respondeu,Não respondeu,Não respondeu,15/03/2024 13:11:00,Promocional,Aprovado,sim,09/08/2024,12:02,sim,sim
